Msrmt Number,0.2 Alpha Legend,0.5 Alpha Legend,0.2 Alpha Bkgrnd,0.5 Alpha Bkgrnd,Date/Time,Latitude,Longitude,Position Accuracy (m),Barcode,Standard Comments,User Comment
1, 81.8, 40.5, 86.6, 50.9, 10/23/2017 13:36:10, 43.373253N, 79.726145W, 11, ,, 
2,  1.6,  0.5,  109, 88.8, 10/23/2017 13:45:15, 43.372550N, 79.725848W, 11, ,, 
3, 28.9, 21.4,  136,  105, 10/23/2017 13:47:35, 43.372582N, 79.725762W, 11, ,, 
4,  441,  285,  102, 59.0, 10/23/2017 14:09:58, 43.377110N, 79.731613W, 11, ,, 
5,  458,  333,  160, 85.0, 10/23/2017 14:15:37, 43.377688N, 79.732435W, 11, ,, 
6,  606,  276,  145, 79.1, 10/23/2017 14:19:28, 43.377990N, 79.732883W, 11, ,, 
7,  353,  181,  141, 79.1, 10/23/2017 14:24:53, 43.378470N, 79.733300W, 11, ,, 
8,  554,  318,  165, 81.0, 10/23/2017 14:33:43, 43.378655N, 79.733662W, 11, ,, 
9,  536,  344,  149, 81.8, 10/23/2017 14:37:03, 43.378872N, 79.733958W, 11, ,, 
10,  446,  214,  136, 77.2, 10/23/2017 14:45:14, 43.378303N, 79.733527W, 11, ,, 
11, 28.9, 18.2,  102, 90.4, 10/23/2017 14:49:05, 43.378283N, 79.733555W, 11, ,, 
12,  629,  326,  179, 88.2, 10/23/2017 14:51:03, 43.378225N, 79.733500W, 11, ,, 
13,  596,  303,  170, 86.1, 10/23/2017 15:08:21, 43.376017N, 79.730633W, 11, ,, 
14, 18.0,  8.0, 90.4, 38.9, 10/23/2017 15:10:15, 43.375995N, 79.730503W, 11, ,, 
15,  616,  328,  174, 93.0, 10/23/2017 15:24:12, 43.374237N, 79.728108W, 11, ,, 
16, 18.0,  7.0, 95.8, 42.1, 10/23/2017 15:26:27, 43.374240N, 79.728100W, 11, ,, 
17,  590,  282,  130, 80.5, 10/23/2017 15:38:37, 43.373660N, 79.728625W, 11, ,, 
18,  0.0, -1.6,  110, 90.1, 10/23/2017 15:39:42, 43.373663N, 79.728655W, 11, ,, 
19,  0.8,  0.5,  119, 95.7, 10/23/2017 15:44:17, 43.373678N, 79.728557W, 11, ,, 
20,  543,  323,  147,  101, 10/23/2017 15:46:43, 43.373752N, 79.728878W, 11, ,, 
21,  487,  316,  169, 92.7, 10/23/2017 15:50:58, 43.372535N, 79.727070W, 11, ,, 
22,  376,  277,  0.8,  0.5, 10/23/2017 15:55:11, 43.375508N, 79.731010W, 11, ,, 
23,  415,  205,  157, 83.8, 10/23/2017 16:00:59, 43.375588N, 79.731315W, 11, ,, 
24,  538,  306,  167, 94.0, 10/23/2017 16:01:41, 43.375585N, 79.731317W, 11, ,, 
25,  656,  293,  160, 90.0, 10/23/2017 16:46:15, 43.373250N, 79.729488W, 11, ,, 
26,  686,  295,  156,  105, 10/23/2017 16:50:33, 43.375015N, 79.731752W, 11, ,, 
27,  196,  104,  672,  280, 10/23/2017 16:52:15, 43.375013N, 79.731755W, 11, ,, 
28,  655,  281,  166, 84.1, 10/23/2017 16:54:49, 43.375087N, 79.731827W, 11, ,, 
29, 99.8, 63.4,  585,  280, 10/23/2017 16:56:17, 43.375073N, 79.731833W, 11, ,, 
30,  581,  338,  132, 94.3, 10/23/2017 16:59:13, 43.375048N, 79.732188W, 11, ,, 
31,  196,  120,  657,  306, 10/23/2017 17:00:45, 43.375065N, 79.732187W, 11, ,, 
32,  578,  326,  153, 91.1, 10/23/2017 17:03:32, 43.375127N, 79.732048W, 11, ,, 
33,  185, 92.2,  469,  315, 10/23/2017 17:05:28, 43.375135N, 79.732048W, 11, ,, 
34,  650,  300,  135, 91.9, 10/23/2017 17:15:46, 43.376378N, 79.734820W, 11, ,, 
35,  631,  318,  135, 81.1, 10/23/2017 17:20:40, 43.376415N, 79.735112W, 11, ,, 
36, 16.7, 11.1,  375,  207, 10/23/2017 17:30:32, 43.376503N, 79.734738W, 11, ,, 
37,  9.6,  7.6,  134,  106, 10/23/2017 17:32:12, 43.376460N, 79.734723W, 11, ,, 
38, 30.3, 24.9,  113, 93.5, 10/23/2017 17:34:50, 43.376468N, 79.734732W, 11, ,, 
39,  0.8,  0.5, 50.2, 25.9, 10/23/2017 17:36:33, 43.376478N, 79.734737W, 11, ,, 
40, 26.4, 20.6,  133,  106, 10/23/2017 17:43:48, 43.376742N, 79.734473W, 11, ,, 
41,  2.4,  1.1,  581,  331, 10/23/2017 17:51:55, 43.377100N, 79.734450W, 11, ,, 
42,  581,  323, 87.6, 44.9, 10/23/2017 17:58:10, 43.377902N, 79.733785W, 11, ,, 
43, 68.7, 33.1, 12.0,  5.4, 10/23/2017 17:59:38, 43.377902N, 79.733772W, 11, ,, 
44, 69.5, 34.7, 21.6,  8.7, 10/23/2017 18:01:41, 43.378040N, 79.733808W, 11, ,, 
45,  116, 58.2, 13.5,  5.9, 10/23/2017 18:03:23, 43.378038N, 79.733812W, 11, ,, 
46,  121, 60.2, 13.6,  6.0, 10/23/2017 18:12:54, 43.377348N, 79.735383W, 11, ,, 
47,  509,  269,  153, 71.3, 10/23/2017 18:19:10, 43.379377N, 79.735847W, 11, ,, 
48,  600,  318,  160, 89.2, 10/23/2017 18:22:50, 43.379625N, 79.735700W, 11, ,, 
49,  595,  288,  165,  103, 10/23/2017 18:33:39, 43.379482N, 79.734703W, 11, ,, 
50,  351,  222,  175, 85.4, 10/23/2017 18:38:12, 43.379743N, 79.735160W, 11, ,, 
51,  559,  290,  137, 78.4, 10/23/2017 18:40:00, 43.380157N, 79.735637W, 11, ,, 
52,  444,  273,  147, 83.8, 10/23/2017 18:42:56, 43.377862N, 79.737797W, 11, ,, 
53,  404,  273,  157, 97.5, 10/23/2017 18:44:35, 43.377818N, 79.737895W, 11, ,, 
54,  0.8,  0.5,  693,  350, 10/23/2017 18:47:53, 43.377848N, 79.737803W, 11, ,, 
55,  0.8,  0.5,  680,  406, 10/23/2017 18:58:07, 43.376162N, 79.736663W, 11, ,, 
56, , , , , 10/23/2017 18:58:08, 43.376160N, 79.736665W, 11, ,, 
57,  357,  246,  171,  102, 10/23/2017 19:03:58, 43.375175N, 79.737690W, 11, ,, 
58,  132, 71.9,  601,  291, 10/23/2017 19:11:04, 43.376582N, 79.738402W, 11, ,, 
59,  495,  256,  158, 96.2, 10/23/2017 19:26:43, 43.375383N, 79.741282W, 11, ,, 
60,  605,  288,  158, 85.9, 10/23/2017 19:30:43, 43.375148N, 79.741377W, 11, ,, 
61,  615,  335,  182, 94.0, 10/23/2017 19:35:30, 43.374610N, 79.740477W, 11, ,, 
62,  553,  277,  155, 88.9, 10/23/2017 19:38:10, 43.374617N, 79.740472W, 11, ,, 
63,  1.6,  0.5,  162,  128, 10/23/2017 19:39:47, 43.374555N, 79.740618W, 11, ,, 
64,  511,  321,  144, 85.1, 10/23/2017 19:46:45, 43.373740N, 79.739070W, 11, ,, 
65,  473,  235,  144, 81.6, 10/23/2017 19:50:13, 43.373755N, 79.739115W, 11, ,, 
66,  1.6,  1.1,  333,  255, 10/23/2017 19:52:29, 43.373787N, 79.739277W, 11, ,, 
67, 19.9,  9.7, 86.0, 42.7, 10/23/2017 19:53:32, 43.373908N, 79.739167W, 11, ,, 
68,  432,  264,  130, 89.2, 10/23/2017 19:56:35, 43.373898N, 79.738955W, 11, ,, 
69, 19.9,  8.6, 87.3, 45.3, 10/23/2017 20:02:05, 43.374027N, 79.739308W, 11, ,, 
70,  655,  331,  157, 78.1, 10/23/2017 20:15:35, 43.374385N, 79.742750W, 11, ,, 
71,  529,  276,  185, 96.7, 10/23/2017 20:16:17, 43.374425N, 79.742840W, 11, ,, 
72,  588,  324,  139, 89.2, 10/23/2017 20:25:53, 43.372037N, 79.742283W, 11, ,, 
73, 81.5, 37.9, 24.0, 10.8, 10/23/2017 20:30:13, 43.371985N, 79.742493W, 11, ,, 
74,  599,  312,  0.8,  1.1, 10/23/2017 20:31:36, 43.371985N, 79.742497W, 11, ,, 
75,  1.6,  0.5,  104, 83.2, 10/23/2017 20:32:19, 43.372070N, 79.742410W, 11, ,, 
76,  572,  346,  120, 74.0, 10/23/2017 20:36:55, 43.371687N, 79.741483W, 11, ,, 
77, 20.8, 10.3, 75.4, 30.7, 10/23/2017 20:40:25, 43.371668N, 79.741523W, 11, ,, 
78,  157,  120,  387,  295, 10/23/2017 20:45:06, 43.372562N, 79.740612W, 11, ,, 
79,  637,  340,  150, 88.1, 10/23/2017 20:55:15, 43.375953N, 79.742832W, 11, ,, 
80,  549,  298,  154, 93.5, 10/23/2017 21:02:59, 43.375543N, 79.741805W, 11, ,, 
81,  589,  313,  167, 86.9, 10/24/2017 14:17:15, 43.374207N, 79.737073W, 11, ,, 
82,  0.8,  0.5, 78.5, 66.5, 10/24/2017 14:17:36, 43.374250N, 79.737177W, 11, B03835,, 
83,  1.6,  1.1, 92.4, 76.9, 10/24/2017 14:26:39, 43.374287N, 79.732182W, 11, B03836,, 
84,  122, 87.5,  591,  255, 10/24/2017 14:32:11, 43.374308N, 79.733143W, 11, B03837,, 
85,  447,  263,  179, 85.4, 10/24/2017 14:33:20, 43.374307N, 79.733167W, 11, B03838,, 
86, 50.6, 20.9,  267, 99.7, 10/24/2017 14:41:27, 43.373590N, 79.733928W, 11, B03839,, 
87, 50.3, 21.3,  250, 95.2, 10/24/2017 14:44:06, 43.373142N, 79.734580W, 11, B03840,, 
88,  0.8,  0.5, 68.1, 31.8, 10/24/2017 14:46:38, 43.372825N, 79.734975W, 11, B03841,, 
89, 47.8, 19.6,  275, 97.9, 10/24/2017 14:55:45, 43.373175N, 79.733257W, 11, B03843,, 
90,  550,  331,  159, 94.1, 10/24/2017 15:06:57, 43.371132N, 79.732587W, 11, B03844,, 
91,  594,  321,  163, 92.3, 10/24/2017 15:07:26, 43.371112N, 79.732577W, 11, B03845,, 
92,  0.8,  0.0, 80.6, 70.6, 10/24/2017 15:11:19, 43.371062N, 79.732367W, 11, B03846,, 
93,  550,  272,  161, 82.2, 10/24/2017 15:18:10, 43.373550N, 79.731500W, 11, B03847,, 
94, 57.5, 24.5,  274,  107, 10/24/2017 15:22:12, 43.370692N, 79.731745W, 11, B03848,, 
95,  508,  346,  163, 89.6, 10/24/2017 15:23:45, 43.370662N, 79.731697W, 11, B03849,, 
96, 90.9, 63.7,  513,  266, 10/24/2017 15:27:48, 43.372405N, 79.729847W, 11, B03850,, 
97,  641,  286,  170, 89.3, 10/24/2017 15:37:03, 43.371403N, 79.729178W, 11, B03853,, 
98,  472,  321,  142, 88.8, 10/24/2017 15:37:46, 43.371403N, 79.729200W, 11, B03853,, 
99,  461,  239,  138, 86.7, 10/24/2017 15:45:36, 43.371982N, 79.729348W, 11, B03854,, 
100,  142, 68.3,  525,  238, 10/24/2017 15:50:33, 43.369540N, 79.730382W, 11, B03855,, 
101,  532,  310,  127, 69.1, 10/24/2017 15:51:16, 43.369538N, 79.730382W, 11, B03856,, 
102,  611,  303,  166, 86.2, 10/24/2017 15:57:26, 43.370677N, 79.731752W, 11, B03857,, 
103,  633,  336,  118, 89.6, 10/24/2017 16:02:00, 43.370540N, 79.733287W, 11, B03858,, 
104,  549,  298,  131, 72.1, 10/24/2017 16:04:26, 43.370582N, 79.733397W, 11, B03859,, 
105,  0.8,  0.5,  680,  305, 10/24/2017 16:06:17, 43.370278N, 79.733047W, 11, B03860,, 
106,  0.8,  0.5,  599,  264, 10/24/2017 16:10:51, 43.373740N, 79.738968W, 11, B03861,, 
107,  139, 78.9,  541,  286, 10/24/2017 16:51:27, 43.372082N, 79.735453W, 11, B03862,, 
108,  154, 76.3,  603,  281, 10/24/2017 16:52:30, 43.372113N, 79.735535W, 11, B03863,, 
109,  663,  281,  168, 99.2, 10/24/2017 16:54:25, 43.372177N, 79.735642W, 11, B03864,, 
110,  165, 84.5,  611,  334, 10/24/2017 16:55:38, 43.372175N, 79.735515W, 11, B03865,, 
111,  149, 86.1,  616,  347, 10/24/2017 16:57:05, 43.372228N, 79.735548W, 11, B03866,, 
112,  510,  323,  123, 82.7, 10/24/2017 16:58:33, 43.372272N, 79.735567W, 11, B03867,, 
113, , , , , 10/24/2017 16:58:34, 43.372270N, 79.735563W, 11, ,, 
114,  132, 93.3,  648,  316, 10/24/2017 16:59:27, 43.372242N, 79.735528W, 11, B03868,, 
115,  186,  102,  627,  352, 10/24/2017 17:00:34, 43.372255N, 79.735525W, 11, B03869,, 
116,  592,  310,  172, 94.4, 10/24/2017 17:02:19, 43.372287N, 79.735507W, 11, B03870,, 
117,  145, 93.9,  547,  306, 10/24/2017 17:03:13, 43.372285N, 79.735500W, 11, B03871,, 
118,  130, 97.1,  488,  315, 10/24/2017 17:04:11, 43.372285N, 79.735498W, 11, B03872,, 
119,  544,  277,  148, 85.4, 10/24/2017 17:04:46, 43.372297N, 79.735493W, 11, B03873,, 
120,  0.8,  0.5,  756,  327, 10/24/2017 17:08:14, 43.372198N, 79.735337W, 11, B03874,, 
121,  0.8,  0.5, 59.3, 28.0, 10/24/2017 17:12:30, 43.372127N, 79.735337W, 11, B03875,, 
122,  143, 79.7,  473,  302, 10/24/2017 17:14:27, 43.372163N, 79.735393W, 11, B03876,, 
123, 84.5, 35.3,  248, 97.6, 10/24/2017 17:15:56, 43.372155N, 79.735407W, 11, B03877,, 
124,  619,  278,  148, 81.4, 10/24/2017 17:21:54, 43.371235N, 79.734485W, 11, B03878,, 
125,  523,  341,  165,  101, 10/24/2017 17:24:15, 43.371103N, 79.734208W, 11, B03879,, 
126,  0.8,  0.0, 81.2, 37.0, 10/24/2017 17:30:10, 43.369985N, 79.732628W, 11, B03880,, 
127,  579,  291,  161, 88.0, 10/24/2017 17:46:57, 43.372377N, 79.735912W, 11, B03881,, 
128, , , , , 10/24/2017 17:46:58, 43.372378N, 79.735910W, 11, ,, 
129,  0.8,  0.5,  107, 89.6, 10/24/2017 17:48:06, 43.372415N, 79.735878W, 11, B03882,, 
130,  0.8,  1.1,  139,  105, 10/24/2017 17:49:47, 43.372455N, 79.736117W, 11, B03883,, 
131,  0.8,  1.1, 73.1, 34.0, 10/24/2017 17:53:43, 43.372447N, 79.736878W, 11, B03884,, 
132,  0.8,  0.5, 77.0, 70.7, 10/24/2017 17:54:52, 43.372445N, 79.736887W, 11, B03885,, 
133,  0.8,  0.5,  441,  297, 10/24/2017 17:56:58, 43.372532N, 79.737103W, 11, B03886,, 
134,  159, 86.4,  498,  236, 10/24/2017 17:58:16, 43.372568N, 79.737085W, 11, B03887,, 
135,  232,  125,  662,  295, 10/24/2017 17:59:15, 43.372563N, 79.737102W, 11, B03888,, 
136,  612,  303,  157, 96.0, 10/24/2017 18:00:35, 43.372452N, 79.737268W, 11, B03889,, 
137,  1.6,  1.1,  332,  259, 10/24/2017 18:02:56, 43.372408N, 79.737385W, 11, B03891,, 
138,  124, 81.6,  578,  307, 10/24/2017 18:03:52, 43.372447N, 79.737430W, 11, B03891,, 
139,  150, 87.5,  581,  289, 10/24/2017 18:05:51, 43.372348N, 79.737280W, 11, B03892,, 
140,  0.8,  1.1, 22.7, 10.6, 10/24/2017 18:07:24, 43.372307N, 79.737312W, 11, B03893,, 
141,  173, 99.2,  560,  359, 10/24/2017 18:08:15, 43.372340N, 79.737383W, 11, B03894,, 
142,  249,  150,  584,  329, 10/24/2017 18:09:09, 43.372328N, 79.737370W, 11, B03895,, 
143,  659,  317,  150, 85.6, 10/24/2017 18:12:00, 43.372273N, 79.737005W, 11, B03896,, 
144,  158, 98.7,  549,  317, 10/24/2017 18:12:44, 43.372295N, 79.737050W, 11, B03897,, 
145,  258,  152,  590,  298, 10/24/2017 18:15:11, 43.372317N, 79.737052W, 11, B03898,, 
146,  561,  314,  143, 90.4, 10/24/2017 18:20:07, 43.372038N, 79.736868W, 11, B03899,, 
147,  0.8,  0.5,  0.0,  0.0, 10/24/2017 18:22:48, 43.371560N, 79.736028W, 11, B03900,, 
148,  0.8,  0.5, 95.0, 81.9, 10/24/2017 18:24:46, 43.370815N, 79.735272W, 11, B03901,, 
149, 43.1, 34.5,  112, 90.9, 10/24/2017 18:26:59, 43.370728N, 79.735130W, 11, B03902,, 
150,  540,  321,  158,  104, 10/24/2017 18:28:20, 43.370782N, 79.735082W, 11, B03903,, 
151, 17.2, 13.8,  111, 89.4, 10/24/2017 18:29:11, 43.370797N, 79.735090W, 11, B03904,, 
152,  625,  317,  156, 92.5, 10/24/2017 18:32:57, 43.369868N, 79.733100W, 11, B03905,, 
153,  169,  128,  0.8,  0.5, 10/24/2017 18:34:05, 43.369843N, 79.733127W, 11, B03906,, 
154,  0.8,  1.1, 99.0, 84.6, 10/24/2017 18:39:36, 43.370240N, 79.736112W, 11, B03907,, 
155,  1.6,  1.1,  405,  260, 10/24/2017 18:43:55, 43.370013N, 79.736315W, 11, B03909,, 
156,  0.8,  0.5, 84.8, 73.4, 10/24/2017 18:47:53, 43.372765N, 79.737625W, 11, B03910,, 
157,  515,  329,  134, 85.1, 10/24/2017 18:49:46, 43.372767N, 79.737765W, 11, B03911,, 
158,  0.8,  0.5,  159,  127, 10/24/2017 18:52:23, 43.372738N, 79.737675W, 11, B03912,, 
159,  0.8,  1.1,  160,  126, 10/24/2017 18:55:42, 43.372875N, 79.737945W, 11, B03913,, 
160,  0.8,  0.5,  114, 93.9, 10/24/2017 19:00:16, 43.373342N, 79.738237W, 11, B03914,, 
161,  164, 92.3,  678,  313, 10/24/2017 19:01:05, 43.373353N, 79.738240W, 11, B03915,, 
162,  172, 89.1,  598,  286, 10/24/2017 19:02:09, 43.373355N, 79.738243W, 11, B03916,, 
163,  517,  349,  161,  102, 10/24/2017 19:03:43, 43.373247N, 79.738423W, 11, B03917,, 
164,  129, 69.3,  545,  331, 10/24/2017 19:04:36, 43.373258N, 79.738413W, 11, B03918,, 
165,  137, 85.1,  534,  301, 10/24/2017 19:05:21, 43.373272N, 79.738407W, 11, B03919,, 
166,  573,  294,  156, 79.8, 10/24/2017 19:06:39, 43.373278N, 79.738377W, 11, B03920,, 
167,  421,  195,  708,  315, 10/24/2017 19:08:11, 43.373163N, 79.738433W, 11, B03921,, 
168, 79.0, 37.4, 16.5,  7.4, 10/24/2017 19:10:56, 43.373163N, 79.738443W, 11, B03922,, 
169,  139, 81.6,  613,  319, 10/24/2017 19:11:42, 43.373165N, 79.738445W, 11, B03923,, 
170,  213,  101,  666,  286, 10/24/2017 19:12:39, 43.373170N, 79.738450W, 11, B03924,, 
171,  523,  325,  143, 74.7, 10/24/2017 19:14:29, 43.373168N, 79.738353W, 11, B03925,, 
172,  1.6,  1.1,  647,  341, 10/24/2017 19:25:52, 43.375017N, 79.736408W, 11, B03926,, 
173,  0.8,  1.1, 87.2, 74.5, 10/24/2017 19:33:11, 43.372817N, 79.738873W, 11, B03927,, 
174,  0.8,  0.5, 86.7, 73.0, 10/24/2017 19:33:51, 43.372815N, 79.738873W, 11, B03928,, 
175,  0.8,  0.5,  687,  293, 10/24/2017 19:36:00, 43.372605N, 79.738902W, 11, B03929,, 
176,  546,  356,  176, 99.2, 10/24/2017 19:39:30, 43.372333N, 79.739295W, 11, B03930,, 
177,  2.4,  1.6,  605,  367, 10/24/2017 19:41:54, 43.372168N, 79.739472W, 11, B03931,, 
178,  4.0,  2.7, 82.7, 70.4, 10/24/2017 19:42:57, 43.372137N, 79.739468W, 11, B03932,, 
179,  1.6,  0.5, 99.2, 80.4, 10/24/2017 19:43:57, 43.372098N, 79.739485W, 11, B03933,, 
180,  1.6,  0.5, 98.7, 81.7, 10/24/2017 19:45:55, 43.371990N, 79.739625W, 11, B03934,, 
181, 73.6, 35.5, 17.9,  9.0, 10/24/2017 19:46:48, 43.371987N, 79.739632W, 11, B03935,, 
182, 47.3, 25.1, 13.3,  6.3, 10/24/2017 19:49:42, 43.371975N, 79.739630W, 11, B03936,, 
183, 72.5, 32.5,  0.0,  0.5, 10/24/2017 19:53:34, 43.372248N, 79.739425W, 11, B03937,, 
184,  0.8,  0.5,  558,  317, 10/25/2017 14:02:27, 43.371520N, 79.740140W, 11, B03938,, 
185,  1.6,  1.1, 87.2, 80.1, 10/25/2017 14:03:22, 43.371530N, 79.740120W, 11, B03939,, 
186,  0.8,  1.1,  326,  244, 10/25/2017 14:11:03, 43.371140N, 79.740733W, 11, B03941,, 
187,  148, 91.7,  478,  312, 10/25/2017 14:12:44, 43.371140N, 79.740737W, 11, B03942,, 
188,  249,  149,  549,  299, 10/25/2017 14:14:25, 43.371068N, 79.740727W, 11, B03943,, 
189,  0.8,  1.1,  249,  188, 10/25/2017 14:16:17, 43.371028N, 79.740678W, 11, B03944,, 
190,  128, 88.5,  534,  358, 10/25/2017 14:16:56, 43.371035N, 79.740683W, 11, B03945,, 
191,  155,  107,  416,  320, 10/25/2017 14:17:50, 43.371030N, 79.740693W, 11, B03946,, 
192,  518,  346,  154, 93.9, 10/25/2017 14:20:45, 43.370863N, 79.740872W, 11, B03947,, 
193,  136, 86.9,  534,  346, 10/25/2017 14:21:33, 43.370843N, 79.740927W, 11, B03948,, 
194,  139, 84.8,  569,  377, 10/25/2017 14:22:00, 43.370850N, 79.740892W, 11, B03949,, 
195,  567,  318,  167,  101, 10/25/2017 14:22:52, 43.370853N, 79.740880W, 11, B03950,, 
196, 32.3, 16.0, 19.6,  8.5, 10/25/2017 14:24:31, 43.371035N, 79.740977W, 11, B03951,, 
197,  140, 86.4,  547,  318, 10/25/2017 14:26:36, 43.370973N, 79.740980W, 11, B03952,, 
198,  133, 79.5,  635,  276, 10/25/2017 14:27:27, 43.370955N, 79.740982W, 11, B03953,, 
199,  524,  307,  178, 91.7, 10/25/2017 14:28:10, 43.370972N, 79.740997W, 11, B03954,, 
200,  0.8,  0.5, 95.3, 79.3, 10/25/2017 14:31:48, 43.370735N, 79.741147W, 11, B03955,, 
201, , , , , 10/25/2017 14:31:49, 43.370737N, 79.741148W, 11, ,, 
202,  1.6,  1.6,  628,  338, 10/25/2017 14:32:41, 43.370733N, 79.741162W, 11, B03956,, 
203,  1.6,  1.6,  579,  344, 10/25/2017 14:34:52, 43.370658N, 79.741215W, 11, B03957,, 
204,  1.6,  1.1,  279,  215, 10/25/2017 14:38:37, 0.000000 , 0.000000 , 11, B03958,, 
205, , , , , 10/25/2017 14:39:32, 0.000000 , 0.000000 , 11, ,, 
206,  1.6,  1.1, 82.5, 70.2, 10/25/2017 14:44:43, 43.369830N, 79.742208W, 11, B03960,, 
207,  1.6,  1.6, 97.6, 79.3, 10/25/2017 14:45:00, 43.369812N, 79.742203W, 11, B03962,, 
208,  0.0,  0.0,  106, 85.5, 10/25/2017 14:45:33, 43.369810N, 79.742198W, 11, B03961,, 
209,  0.8,  1.1,  116, 95.7, 10/25/2017 14:50:35, 43.369775N, 79.742177W, 11, B03963,, 
210,  1.6,  1.1, 82.8, 70.3, 10/25/2017 14:51:21, 43.369795N, 79.742175W, 11, B03966,, 
211,  1.6,  1.1, 80.1, 68.1, 10/25/2017 14:51:54, 43.369780N, 79.742180W, 11, B03964,, 
212,  1.6,  1.1, 78.9, 37.0, 10/25/2017 14:55:25, 43.369530N, 79.742367W, 11, B03967,, 
213,  1.6,  1.6, 93.4, 79.6, 10/25/2017 14:59:09, 43.369018N, 79.743045W, 11, B03968,, 
214,  2.4,  1.6,  514,  354, 10/25/2017 15:01:10, 0.000000 , 0.000000 , 11, B03969,, 
215,  0.8,  0.0,  605,  330, 10/25/2017 15:08:50, 43.368037N, 79.744253W, 11, B03970,, 
216,  183, 91.4,  698,  306, 10/25/2017 15:09:16, 43.368025N, 79.744215W, 11, B03971,, 
217,  268,  158,  666,  286, 10/25/2017 15:10:45, 43.368045N, 79.744192W, 11, B03972,, 
218,  575,  322,  165,  104, 10/25/2017 15:11:01, 43.368045N, 79.744213W, 11, B03973,, 
219,  135, 93.5,  446,  266, 10/25/2017 15:13:00, 43.368133N, 79.744050W, 11, B03974,, 
220,  238,  134,  637,  292, 10/25/2017 15:14:01, 43.368112N, 79.744083W, 11, B03975,, 
221, 37.6, 22.3,  1.6,  1.1, 10/25/2017 15:14:50, 43.368115N, 79.744053W, 11, B03976,, 
222,  133, 81.3,  527,  295, 10/25/2017 15:18:24, 43.367995N, 79.744042W, 11, B03977,, 
223,  158, 81.8,  541,  328, 10/25/2017 15:19:06, 43.367980N, 79.744052W, 11, B03978,, 
224,  627,  261,  159, 91.6, 10/25/2017 15:19:57, 43.367980N, 79.744068W, 11, B03979,, 
225,  145, 85.5,  514,  329, 10/25/2017 15:22:36, 43.367927N, 79.744198W, 11, B03980,, 
226, 97.2, 69.6,  389,  296, 10/25/2017 15:23:10, 43.367920N, 79.744208W, 11, B03981,, 
227,  477,  317,  113, 82.4, 10/25/2017 15:29:02, 43.366810N, 79.745720W, 11, B03982,, 
228,  0.8,  0.5,  313,  239, 10/25/2017 15:29:47, 43.366803N, 79.745722W, 11, B03983,, 
229,  0.8,  0.0,  592,  286, 10/25/2017 15:32:45, 43.366162N, 79.746240W, 11, B03984,, 
230,  118, 86.1,  434,  222, 10/25/2017 15:34:20, 43.366068N, 79.746298W, 11, B03985,, 
231,  143, 57.9,  236, 94.6, 10/25/2017 15:35:40, 43.366027N, 79.746295W, 11, B03986,, 
232,  447,  224, 95.1, 55.5, 10/25/2017 15:36:44, 43.366157N, 79.746375W, 11, B03987,, 
233,  160, 86.6,  699,  292, 10/25/2017 15:38:22, 43.366095N, 79.746430W, 11, B03988,, 
234,  176, 85.0,  662,  296, 10/25/2017 15:39:35, 43.366055N, 79.746442W, 11, B03989,, 
235,  510,  218,  156, 91.9, 10/25/2017 15:42:28, 43.366098N, 79.746507W, 11, B03990,, 
236,  0.8,  0.0,  162,  110, 10/25/2017 15:42:53, 43.366102N, 79.746480W, 11, B03991,, 
237,  129, 81.8,  530,  335, 10/25/2017 15:44:37, 43.365948N, 79.746428W, 11, B03992,, 
238, 98.0, 40.4,  229, 91.4, 10/25/2017 15:45:18, 43.365992N, 79.746440W, 11, B03993,, 
239,  732,  312,  183,  112, 10/25/2017 15:46:07, 43.365958N, 79.746523W, 11, B03994,, 
240,  0.8,  0.0,  674,  437, 10/25/2017 15:47:15, 43.365988N, 79.746518W, 11, B03995,, 
241,  197,  108,  605,  280, 10/25/2017 15:50:39, 43.365810N, 79.746350W, 11, B03997,, 
242, 36.8, 28.2,  517,  308, 10/25/2017 15:51:20, 43.365807N, 79.746357W, 11, B03998,, 
243,  148, 74.9,  686,  288, 10/25/2017 15:52:00, 43.365797N, 79.746388W, 11, B03999,, 
244,  609,  329,  126, 88.2, 10/25/2017 15:52:51, 43.365865N, 79.746428W, 11, B04000,, 
245,  0.8,  0.0,  634,  266, 10/25/2017 15:54:05, 43.365973N, 79.746347W, 11, B04001,, 
246,  0.0,  0.0,  105, 85.0, 10/25/2017 15:58:45, 43.366255N, 79.746688W, 11, B04002,, 
247, 24.3, 17.0,  306,  230, 10/25/2017 16:01:20, 43.366320N, 79.747027W, 11, B04003,, 
248,  0.8,  0.0, 73.5, 37.6, 10/25/2017 16:03:11, 43.366517N, 79.746972W, 11, B04004,, 
249,  0.8,  0.0, 92.2, 44.0, 10/25/2017 16:07:26, 43.367093N, 79.746610W, 11, B04005,, 
250, , , , , 10/25/2017 16:09:45, 43.367093N, 79.746610W, 11, B04007,, 
251,  0.8,  0.0,  124, 99.8, 10/25/2017 16:11:16, 43.367145N, 79.746590W, 11, B04008,, 
252,  0.8,  0.0,  487,  300, 10/25/2017 16:12:24, 43.367150N, 79.746572W, 11, B04009,, 
253,  148,  104,  438,  287, 10/25/2017 16:16:32, 43.367692N, 79.745798W, 11, B04010,, 
254, , , , , 10/25/2017 16:18:15, 43.367783N, 79.745828W, 11, B04011,, 
255,  0.8,  0.0,  125,  101, 10/25/2017 16:20:41, 43.368080N, 79.745355W, 11, B04012,, 
256,  691,  294, 55.3, 33.8, 10/25/2017 16:22:15, 43.368153N, 79.745437W, 11, B04013,, 
257,  0.8,  0.0,  333,  255, 10/25/2017 16:25:24, 43.368622N, 79.744783W, 11, B04014,, 
258,  0.8,  0.0,  225,  116, 10/25/2017 16:26:36, 43.368613N, 79.744753W, 11, B04015,, 
259,  282,  143,  557,  338, 10/25/2017 16:28:06, 43.368603N, 79.744758W, 11, B04016,, 
260,  553,  324,  167,  105, 10/25/2017 16:28:52, 43.368607N, 79.744757W, 11, B04017,, 
261,  0.8,  0.0,  471,  213, 10/25/2017 16:30:21, 43.368577N, 79.744800W, 11, B04018,, 
262,  473,  299,  109, 88.5, 10/25/2017 16:32:40, 43.368575N, 79.744840W, 11, B04020,, 
263,  148, 88.2,  609,  327, 10/25/2017 16:33:01, 43.368573N, 79.744847W, 11, B04019,, 
264, 69.0, 30.8,  0.0,  0.0, 10/25/2017 16:35:13, 43.368485N, 79.745053W, 11, B04021,, 
265,  0.8,  0.0,  380,  237, 10/25/2017 16:35:33, 43.368493N, 79.745075W, 11, B04022,, 
266,  0.8,  0.0,  562,  270, 10/25/2017 16:37:48, 43.368648N, 79.744787W, 11, B04023,, 
267,  164, 93.5,  568,  315, 10/25/2017 16:39:46, 43.368652N, 79.744790W, 11, B04024,, 
268,  598,  278,  126, 78.4, 10/25/2017 16:40:12, 43.368650N, 79.744790W, 11, B04025,, 
269,  0.0,  0.0,  564,  267, 10/25/2017 16:44:55, 43.369578N, 79.743917W, 11, B04026,, 
270,  132, 94.0,  475,  252, 10/25/2017 16:45:11, 43.369580N, 79.743915W, 11, B04027,, 
271,  0.0,  0.0,  108, 86.3, 10/25/2017 16:46:56, 43.370513N, 79.742798W, 11, B04028,, 
272,  0.0,  0.0,  486,  269, 10/25/2017 16:48:11, 43.370497N, 79.742745W, 11, B04029,, 
273,  0.8,  0.0,  490,  365, 10/25/2017 16:52:29, 43.371140N, 79.742705W, 11, B04030,, 
274, 47.5, 25.9, 21.0, 13.7, 10/25/2017 16:53:05, 43.371173N, 79.742703W, 11, B04031,, 
275,  124, 98.8, 39.1, 24.9, 10/25/2017 16:53:19, 43.371198N, 79.742668W, 11, B04032,, 
276,  0.8,  0.0, 95.4, 80.0, 10/25/2017 16:55:24, 43.371142N, 79.742683W, 11, B04033,, 
277, 79.4, 38.9, 19.7,  8.5, 10/25/2017 17:18:06, 43.371477N, 79.743013W, 11, B04034,, 
278,  463,  300,  152, 90.3, 10/25/2017 17:20:46, 43.371490N, 79.743150W, 11, B04035,, 
279,  559,  310,  150, 92.9, 10/25/2017 17:21:14, 43.371453N, 79.743150W, 11, B04036,, 
280,  0.0,  0.0,  101, 82.9, 10/25/2017 17:22:14, 43.371435N, 79.743313W, 11, B04037,, 
281, 80.7, 40.4, 25.0, 10.6, 10/25/2017 17:23:47, 43.371607N, 79.743227W, 11, B04038,, 
282, 68.2, 36.1, 16.4,  6.3, 10/25/2017 17:24:45, 43.371545N, 79.743183W, 11, B04039,, 
283,  6.3,  2.1, 70.3, 34.4, 10/25/2017 17:27:24, 43.372000N, 79.744018W, 11, B04041,, 
284,  586,  336,  151, 93.5, 10/25/2017 17:29:33, 43.371988N, 79.743800W, 11, B04042,, 
285,  0.0, -0.5,  112, 86.0, 10/25/2017 17:30:34, 43.371993N, 79.743805W, 11, B04043,, 
286,  0.0,  0.0, 96.1, 81.6, 10/25/2017 17:31:34, 43.371983N, 79.743810W, 11, B04044,, 
287,  0.8, -0.5, 94.6, 80.5, 10/25/2017 17:35:43, 43.372018N, 79.743743W, 11, B04046,, 
288,  0.8,  0.0, 93.8, 78.8, 10/25/2017 17:36:29, 43.372018N, 79.743742W, 11, B04047,, 
289,  0.8,  0.0,  109, 88.2, 10/25/2017 17:37:15, 43.372017N, 79.743742W, 11, B04048,, 
290,  7.0,  2.6, 80.3, 38.0, 10/25/2017 17:40:47, 43.372530N, 79.745033W, 11, B04049,, 
291,  0.0, -0.5, 95.4, 81.6, 10/25/2017 17:44:36, 43.372920N, 79.745188W, 11, B04051,, 
292,  0.8,  0.0, 91.4, 78.2, 10/25/2017 17:45:52, 43.372933N, 79.745092W, 11, B04052,, 
293,  0.0,  0.0,  118, 92.4, 10/25/2017 17:46:17, 43.372948N, 79.745092W, 11, B04053,, 
294,  0.0,  0.0,  606,  407, 10/25/2017 17:51:53, 43.373108N, 79.745755W, 11, B04055,, 
295,  0.8,  0.0,  557,  366, 10/25/2017 18:40:25, 0.000000 , 0.000000 , 11, B04056,, 
296,  457,  235,  126, 84.3, 10/25/2017 18:45:06, 43.370527N, 79.748555W, 11, B04057,, 
297, , , , , 10/25/2017 18:46:20, 43.370615N, 79.748592W, 11, B04058,, 
298, , , , , 10/25/2017 18:48:03, 43.370672N, 79.748568W, 11, B04059,, 
299, , , , , 10/25/2017 18:51:12, 43.368848N, 79.749318W, 11, B04060,, 
300,  0.8,  0.5,  565,  261, 10/25/2017 18:52:52, 43.368503N, 79.749110W, 11, B04061,, 
301, , , , , 10/25/2017 18:54:17, 43.368605N, 79.748978W, 11, B04062,, 
302,  0.0,  0.5,  622,  354, 10/25/2017 18:54:40, 43.368603N, 79.749017W, 11, B04063,, 
303,  0.8,  0.0, 44.2, 18.4, 10/25/2017 18:59:05, 43.368233N, 79.748352W, 11, B04064,, 
304, , , , , 10/25/2017 19:02:48, 43.368485N, 79.747447W, 11, B04065,, 
305, , , , , 10/25/2017 19:02:52, 43.368477N, 79.747443W, 11, ,, 
306,  0.8,  0.5, 62.3, 27.5, 10/25/2017 19:04:54, 43.368705N, 79.747275W, 11, B04066,, 
307, , , , , 10/25/2017 19:07:30, 43.368800N, 79.747752W, 11, B04067,, 
308, , , , , 10/25/2017 19:10:06, 43.368578N, 79.747733W, 11, B04068,, 
309,  572,  318,  168, 94.5, 10/25/2017 19:10:44, 43.368645N, 79.747702W, 11, B04069,, 
310,  0.0,  0.0, 49.2, 21.2, 10/25/2017 19:12:03, 43.368550N, 79.747755W, 11, B04070,, 
311,  511,  323,  134, 92.4, 10/25/2017 19:18:11, 43.368908N, 79.746892W, 11, B04072,, 
312,  0.0,  0.0,  101, 86.3, 10/25/2017 19:23:09, 43.368665N, 79.746238W, 11, B04073,, 
313,  548,  336,  108, 70.8, 10/25/2017 19:24:29, 43.368668N, 79.746355W, 11, B04074,, 
314,  0.0, -0.5,  539,  383, 10/25/2017 19:27:29, 43.368412N, 79.745932W, 11, B04075,, 
315,  602,  313,  139, 83.4, 10/25/2017 19:36:14, 43.370688N, 79.745677W, 11, B04076,, 
316,  495,  311,  136, 79.2, 10/25/2017 19:52:43, 43.377090N, 79.748118W, 11, B04077,, 
317,  576,  304,  133, 70.8, 10/25/2017 19:56:56, 43.374460N, 79.746990W, 11, B04078,, 
318,  0.0, -0.5,  100, 82.6, 10/25/2017 20:01:30, 43.375773N, 79.748628W, 11, B04079,, 
319,  0.8,  0.0, 99.5, 82.1, 10/25/2017 20:02:26, 43.375762N, 79.748607W, 11, B04080,, 
320,  622,  301,  184, 93.5, 10/25/2017 20:07:00, 43.373923N, 79.747483W, 11, B04081,, 
321, , , , , 10/25/2017 20:08:20, 43.374013N, 79.747643W, 11, B04083,, 
322, , , , , 10/25/2017 20:10:09, 43.373803N, 79.747482W, 11, ,, 
323,  1.6,  0.0,  606,  292, 10/25/2017 20:16:58, 43.374900N, 79.749107W, 11, B04084,, 
324,  568,  320,  169, 89.3, 10/25/2017 20:17:59, 43.374883N, 79.749045W, 11, B04085,, 
325,  0.0, -0.5, 99.0, 82.9, 10/25/2017 20:21:18, 43.375515N, 79.749815W, 11, B04086,, 
326,  556,  260,  140, 78.2, 10/25/2017 20:26:12, 43.376130N, 79.751098W, 11, B04087,, 
327,  0.8,  0.0,  108, 91.4, 10/25/2017 20:31:30, 43.374505N, 79.751348W, 11, B04088,, 
328,  0.0, -0.5,  100, 89.0, 10/25/2017 20:33:04, 43.374302N, 79.751063W, 11, B04089,, 
329,  0.0,  0.0, 71.3, 69.3, 10/25/2017 20:34:05, 43.374303N, 79.751055W, 11, B04090,, 
330,  0.8,  0.0, 84.5, 70.4, 10/25/2017 20:36:55, 43.374473N, 79.749615W, 11, B04091,, 
331,  0.0, -0.5,  100, 83.2, 10/25/2017 20:38:09, 43.374377N, 79.749693W, 11, B04092,, 
332,  0.8, -0.5,  129, 94.8, 10/25/2017 20:38:48, 43.374378N, 79.749717W, 11, ,, 
333,  0.0,  0.0,  210, 86.6, 10/25/2017 20:43:46, 43.376580N, 79.752825W, 11, B04093,, 
334, 74.6, 65.3, 84.7, 73.7, 10/25/2017 20:47:27, 43.375235N, 79.755978W, 11, B04094,, 
335,  137, 79.4,  637,  331, 10/25/2017 20:49:14, 43.375292N, 79.755937W, 11, B04095,, 
336, 14.9, 11.2, 99.5, 79.5, 10/25/2017 20:53:09, 43.374618N, 79.755145W, 11, B04096,, 
337,  0.8,  0.0, 73.0, 61.1, 10/25/2017 20:54:22, 43.374652N, 79.755082W, 11, B04097,, 
338,  1.5,  0.0,  182, 87.7, 10/25/2017 21:04:21, 43.372785N, 79.755387W, 11, B04098,, 
339,  639,  281,  120, 72.9, 10/25/2017 21:05:57, 43.372813N, 79.755497W, 11, B04099,, 
340,  0.0,  0.0, 77.7, 70.6, 10/25/2017 21:13:42, 43.374152N, 79.756642W, 11, B04100,, 
341,  0.8,  0.0,  501,  235, 10/25/2017 21:19:40, 43.374780N, 79.757478W, 11, B04101,, 
342,  571,  294,  147, 96.6, 10/25/2017 21:29:44, 43.373073N, 79.758892W, 11, B04102,, 
343, 76.8, 35.1,  0.8, -0.5, 10/25/2017 21:34:10, 43.372057N, 79.759317W, 11, B04103,, 
344,  0.8,  0.0,  504,  328, 10/25/2017 21:35:13, 43.372050N, 79.759305W, 11, B04104,, 
345,  593,  273,  136, 68.1, 10/25/2017 21:37:10, 43.372140N, 79.759273W, 11, B04105,, 
346,  0.8,  0.5,  0.8,  0.5, 10/25/2017 21:38:30, 43.372140N, 79.759352W, 11, B04106,, 
347, 26.5, 11.6, 95.9, 44.9, 10/25/2017 21:45:29, 43.371053N, 79.757672W, 11, B04107,, 
348,  0.8,  0.0,  115, 95.3, 10/25/2017 21:50:25, 43.372818N, 79.755872W, 11, B04108,, 
349,  378,  270,  108, 66.9, 10/25/2017 22:04:57, 43.372207N, 79.753647W, 11, B04109,, 
350,  0.8,  0.0,  413,  311, 10/25/2017 22:07:55, 43.371718N, 79.753620W, 11, B04110,, 
351, 25.9,  9.6,  104, 50.3, 10/25/2017 22:10:01, 43.371190N, 79.753815W, 11, B04111,, 
352,  163,  105,  582,  332, 10/25/2017 22:10:19, 43.371183N, 79.753833W, 11, B04112,, 
353,  554,  273,  112, 81.1, 10/25/2017 22:10:46, 43.371187N, 79.753850W, 11, B04113,, 
354, 25.1,  9.0,  111, 51.9, 10/25/2017 22:13:44, 43.371083N, 79.754040W, 11, B04114,, 
355,  129, 83.2,  584,  307, 10/25/2017 22:14:03, 43.371090N, 79.754063W, 11, B04115,, 
356,  0.8,  0.5,  743,  315, 10/25/2017 22:17:59, 43.370645N, 79.754425W, 11, B04116,, 
357, , , , , 10/25/2017 22:21:13, 43.369602N, 79.755768W, 11, ,, 
358,  0.8,  0.0,  406,  311, 10/25/2017 22:22:27, 43.369925N, 79.755670W, 11, B04117,, 
359,  136, 77.0,  575,  314, 10/25/2017 22:27:23, 43.371295N, 79.754045W, 11, B04118,, 
360,  137, 84.2,  617,  336, 10/25/2017 22:27:59, 43.371143N, 79.753975W, 11, B04119,, 
361,  431,  273,  107, 74.8, 10/25/2017 22:28:32, 43.371098N, 79.753987W, 11, B04120,, 
362,  161, 80.7,  541,  309, 10/25/2017 22:30:43, 43.371125N, 79.753900W, 11, B04121,, 
363,  125, 83.9,  484,  325, 10/25/2017 22:31:02, 43.371103N, 79.753882W, 11, B04122,, 
364,  431,  321,  143, 80.0, 10/25/2017 22:31:47, 43.371050N, 79.753915W, 11, B04123,, 
365,  140, 71.2,  553,  295, 10/25/2017 22:34:41, 43.371163N, 79.754113W, 11, B04124,, 
366,  126, 90.0,  428,  305, 10/25/2017 22:35:11, 43.371250N, 79.754003W, 11, B04125,, 
367, 19.4,  8.4, 20.9,  8.9, 10/25/2017 22:37:33, 43.371290N, 79.753955W, 11, B04126,, 
368,  0.8,  0.5, 97.1, 81.1, 10/25/2017 22:40:10, 43.372172N, 79.753550W, 11, B04127,, 
369, 74.6, 60.6,  148,  109, 10/25/2017 22:42:16, 43.372292N, 79.753747W, 11, B04128,, 
370, 20.4, 15.9,  124, 98.0, 10/25/2017 22:43:04, 43.372307N, 79.753717W, 11, B04129,, 
371,  0.8,  0.0, 91.7, 77.9, 10/25/2017 22:44:25, 43.372327N, 79.753683W, 11, B04130,, 
372,  0.8,  0.0, 95.1, 82.4, 10/25/2017 22:44:57, 43.372387N, 79.753582W, 11, B04131,, 
373,  0.8,  0.0,  251,  195, 10/25/2017 22:48:30, 43.372683N, 79.753712W, 11, B04132,, 
374,  0.8,  0.0,  486,  337, 10/25/2017 22:49:28, 43.372643N, 79.753687W, 11, B04133,, 
375, 24.9,  9.0,  106, 86.1, 10/25/2017 22:51:00, 43.372923N, 79.753700W, 11, B04134,, 
376,  0.8,  0.5, 93.0, 40.4, 10/25/2017 22:53:13, 43.373353N, 79.753720W, 11, B04135,, 
377, 17.1, 13.2,  149,  120, 10/25/2017 22:55:12, 43.373673N, 79.753823W, 11, B04136,, 
378, 15.8,  7.0, 58.3, 29.0, 10/25/2017 22:57:29, 43.373858N, 79.753755W, 11, B04137,, 
379,  0.8,  0.5,  235,  184, 10/25/2017 22:58:27, 43.373872N, 79.753760W, 11, B04138,, 
380, , , , , 10/25/2017 23:00:55, 43.374235N, 79.753903W, 11, ,, 
381,  0.8,  0.0,  124,  105, 10/25/2017 23:02:35, 43.374048N, 79.753847W, 11, B04139,, 
382,  0.8,  0.5,  360,  273, 10/25/2017 23:04:19, 43.373895N, 79.753868W, 11, B04140,, 
383,  1.6,  0.5, 74.6, 35.8, 10/25/2017 23:05:40, 43.373913N, 79.753868W, 11, B04141,, 
384,  0.8,  0.0,  298,  231, 10/25/2017 23:07:53, 43.373800N, 79.753912W, 11, B04142,, 
385, 17.1, 13.2,  132,  102, 10/25/2017 23:12:58, 43.372393N, 79.753537W, 11, B04143,, 
386, 17.9, 13.2,  133,  103, 10/25/2017 23:13:27, 43.372382N, 79.753600W, 11, B04144,, 
387,  1.6,  0.5, 92.0, 78.7, 10/25/2017 23:13:57, 43.372417N, 79.753635W, 11, B04145,, 
388,  1.6,  0.5, 84.9, 72.4, 10/25/2017 23:14:16, 43.372428N, 79.753607W, 11, B04146,, 
389,  2.3,  1.1,  518,  249, 10/25/2017 23:20:05, 43.372408N, 79.754313W, 11, B04147,, 
390,  0.8,  0.0,  499,  373, 10/26/2017 14:35:50, 43.367437N, 79.738488W, 11, B04148,, 
391,  0.8,  0.0,  183,  138, 10/26/2017 14:46:01, 43.364658N, 79.739492W, 11, B04150,, 
392,  344,  245, 91.3, 68.3, 10/26/2017 14:47:31, 43.364823N, 79.739615W, 11, B04151,, 
393, 81.0, 65.0, 96.5, 81.2, 10/26/2017 14:52:58, 43.365865N, 79.741062W, 11, B04152,, 
394,  649,  311,  141, 91.4, 10/26/2017 14:54:46, 43.365765N, 79.741217W, 11, B04153,, 
395, 47.5, 38.6,  105, 85.1, 10/26/2017 14:55:22, 43.365712N, 79.741255W, 11, B04154,, 
396,  607,  277,  325,  200, 10/26/2017 14:58:12, 43.366467N, 79.741875W, 11, B04156,, 
397,  514,  330,  103, 70.2, 10/26/2017 14:58:28, 43.366450N, 79.741895W, 11, B04156,, 
398,  488,  327,  146, 87.0, 10/26/2017 15:02:01, 43.367018N, 79.742585W, 11, B04158,, 
399,  0.8,  0.0,  140,  112, 10/26/2017 15:03:36, 43.366973N, 79.742675W, 11, B04159,, 
400,  415,  307,  134, 89.1, 10/26/2017 15:08:35, 43.368353N, 79.744475W, 11, B04160,, 
401,  0.8,  0.0,  336,  170, 10/26/2017 15:18:10, 43.370485N, 79.737872W, 11, B04161,, 
402,  0.0,  0.0,  529,  217, 10/26/2017 15:19:27, 43.370453N, 79.737860W, 11, B04162,, 
403, 14.0,  5.3, 59.6, 28.4, 10/26/2017 15:23:26, 43.369967N, 79.737192W, 11, B04163,, 
404,  155, 86.4,  618,  322, 10/26/2017 15:25:47, 43.369598N, 79.736648W, 11, B04164,, 
405,  163, 92.5,  413,  230, 10/26/2017 15:25:58, 43.369598N, 79.736648W, 11, B04165,, 
406,  579,  316,  161, 90.1, 10/26/2017 15:26:19, 43.369592N, 79.736642W, 11, B04166,, 
407,  164, 99.3,  559,  314, 10/26/2017 15:27:26, 43.369610N, 79.736763W, 11, B04167,, 
408,  149,  101,  634,  312, 10/26/2017 15:27:44, 43.369605N, 79.736763W, 11, B04168,, 
409,  0.8,  0.0,  219,  102, 10/26/2017 15:29:05, 43.369743N, 79.736837W, 11, B04169,, 
410,  122, 77.7,  575,  336, 10/26/2017 15:30:27, 43.369737N, 79.736825W, 11, B04170,, 
411,  121, 84.6,  501,  282, 10/26/2017 15:30:43, 43.369737N, 79.736827W, 11, B04171,, 
412,  121, 77.7,  615,  333, 10/26/2017 15:30:57, 43.369738N, 79.736827W, 11, B04172,, 
413,  132, 77.2,  579,  324, 10/26/2017 15:32:26, 43.369820N, 79.736782W, 11, B04173,, 
414,  152, 84.0,  544,  295, 10/26/2017 15:32:40, 43.369805N, 79.736780W, 11, B04174,, 
415,  488,  286,  163, 80.1, 10/26/2017 15:32:53, 43.369810N, 79.736785W, 11, B04175,, 
416,  0.0,  0.0,  488,  210, 10/26/2017 15:34:16, 43.369853N, 79.736658W, 11, B04176,, 
417,  157, 94.6,  658,  315, 10/26/2017 15:35:44, 43.369823N, 79.736670W, 11, B04177,, 
418,  182, 97.0,  593,  350, 10/26/2017 15:35:56, 43.369823N, 79.736672W, 11, B04178,, 
419,  558,  348,  182, 95.1, 10/26/2017 15:36:08, 43.369823N, 79.736670W, 11, B04179,, 
420,  0.8,  0.0,  495,  159, 10/26/2017 15:37:22, 43.369685N, 79.736558W, 11, B04180,, 
421,  164, 83.5,  566,  328, 10/26/2017 15:38:45, 43.369683N, 79.736563W, 11, B04181,, 
422,  178, 90.4,  645,  325, 10/26/2017 15:38:57, 43.369680N, 79.736567W, 11, B04182,, 
423,  436,  273, , , 10/26/2017 15:39:07, 43.369678N, 79.736575W, 11, B04183,, 
424, 87.5, 51.5, , , 10/26/2017 15:39:11, 43.369668N, 79.736575W, 11, ,, 
425,  0.0,  0.0,  605,  349, 10/26/2017 15:41:47, 43.369293N, 79.736292W, 11, B04212,, 
426,  0.0,  0.0,  489,  325, 10/26/2017 15:44:02, 43.369188N, 79.736072W, 11, B04211,, 
427,  0.0,  0.0,  387,  299, 10/26/2017 15:46:00, 43.368908N, 79.735622W, 11, B04210,, 
428,  0.0, -0.5,  673,  350, 10/26/2017 15:47:34, 43.368615N, 79.735638W, 11, B04209,, 
429,  0.8,  0.0,  559,  348, 10/26/2017 15:51:49, 43.368478N, 79.735113W, 11, B04208,, 
430, 34.9, 15.8, 94.4, 44.1, 10/26/2017 15:56:39, 43.367723N, 79.734110W, 11, B04207,, 
431,  3.9,  1.1, 94.4, 40.5, 10/26/2017 15:56:48, 43.367723N, 79.734110W, 11, B04206,, 
432,  0.0,  0.5, 26.2, 23.5, 10/26/2017 15:58:53, 43.367692N, 79.733988W, 11, B04205,, 
433,  0.0, -0.5,  631,  382, 10/26/2017 16:20:22, 43.366850N, 79.739972W, 11, B04202,, 
434,  0.8,  0.0,  533,  357, 10/26/2017 16:20:42, 43.366843N, 79.739943W, 11, B04201,, 
435, 48.6, 19.4,  256, 95.6, 10/26/2017 16:31:29, 43.367188N, 79.737613W, 11, B04200,, 
436, 51.9, 20.5,  265, 99.0, 10/26/2017 16:32:37, 43.367340N, 79.737620W, 11, B04199,, 
437, 51.4, 19.6,  0.8, -0.5, 10/26/2017 16:52:06, 43.368918N, 79.756288W, 11, B04198,, 
438, , , , , 10/26/2017 16:53:54, 43.368523N, 79.756810W, 11, ,, 
439,  563,  337,  169,  105, 10/26/2017 16:55:05, 43.368483N, 79.756913W, 11, B04197,, 
440,  0.8, -0.5, 59.4, 26.7, 10/26/2017 16:56:03, 43.368417N, 79.756938W, 11, B04196,, 
441,  0.8, -0.5,  145,  115, 10/26/2017 17:00:01, 43.369542N, 79.758172W, 11, B04195,, 
442,  0.8, -0.5,  120, 99.0, 10/26/2017 17:02:08, 43.369853N, 79.758877W, 11, B04194,, 
443,  121, 70.1,  594,  322, 10/26/2017 17:04:50, 43.370313N, 79.759445W, 11, B04193,, 
444,  0.0,  0.0,  137,  110, 10/26/2017 17:05:16, 43.370315N, 79.759410W, 11, B04192,, 
445,  0.8,  0.0,  570,  389, 10/26/2017 17:11:53, 43.368737N, 79.761777W, 11, B04191,, 
446,  0.0, -0.5,  728,  366, 10/26/2017 17:13:20, 43.368502N, 79.762000W, 11, B04190,, 
447, 33.5, 12.7,  269, 94.3, 10/26/2017 17:17:26, 43.367468N, 79.759248W, 11, B04189,, 
448,  572,  318,  180, 90.1, 10/26/2017 17:19:29, 43.367058N, 79.758563W, 11, B04188,, 
449,  0.8,  0.0,  567,  366, 10/26/2017 17:20:30, 43.366962N, 79.758558W, 11, B04187,, 
450,  0.8,  0.0,  566,  348, 10/26/2017 17:21:46, 43.366945N, 79.758547W, 11, B04186,, 
451,  0.8, -0.5, 52.5, 20.4, 10/26/2017 18:15:51, 43.366128N, 79.759567W, 11, B04185,, 
452,  175, 83.3,  187, 84.6, 10/26/2017 18:18:47, 43.365988N, 79.759703W, 11, B04213,, 
453,  168, 89.3,  181,  103, 10/26/2017 18:19:00, 43.365998N, 79.759700W, 11, B04214,, 
454,  202,  132, , , 10/26/2017 18:19:12, 43.366005N, 79.759720W, 11, B04215,, 
455,  170, 84.6, , , 10/26/2017 18:19:15, 43.366003N, 79.759712W, 11, ,, 
456,  102, 63.8, , , 10/26/2017 18:20:34, 43.365958N, 79.759820W, 11, B04216,, 
457,  141, 73.6,  678,  277, 10/26/2017 18:21:28, 43.365973N, 79.759832W, 11, B04217,, 
458,  461,  298, 89.8, 69.9, 10/26/2017 18:21:42, 43.365977N, 79.759838W, 11, B04218,, 
459,  106, 74.5,  411,  281, 10/26/2017 18:23:39, 43.365897N, 79.759910W, 11, B04219,, 
460, 80.7, 61.1,  488,  261, 10/26/2017 18:23:52, 43.365897N, 79.759910W, 11, B04220,, 
461,  512,  269,  123, 70.9, 10/26/2017 18:24:06, 43.365900N, 79.759912W, 11, B04221,, 
462,  167, 93.8,  536,  351, 10/26/2017 18:25:34, 43.365995N, 79.759697W, 11, B04222,, 
463, , , , , 10/26/2017 18:25:35, 43.365995N, 79.759695W, 11, ,, 
464,  157, 92.2,  542,  321, 10/26/2017 18:25:48, 43.365988N, 79.759685W, 11, B04223,, 
465,  527,  343,  170, 93.0, 10/26/2017 18:26:03, 43.365978N, 79.759670W, 11, B04224,, 
466,  644,  287,  172, 95.1, 10/26/2017 18:29:19, 43.365737N, 79.760380W, 11, B04225,, 
467, 60.2, 50.3,  103, 87.2, 10/26/2017 18:30:13, 43.365593N, 79.760345W, 11, B04226,, 
468,  140, 80.4,  428,  225, 10/26/2017 18:32:15, 43.365723N, 79.760888W, 11, B04227,, 
469,  249, 93.0,  0.8,  0.0, 10/26/2017 18:35:50, 43.365602N, 79.761658W, 11, B04229,, 
470,  0.8, -0.5,  566,  365, 10/26/2017 18:36:05, 43.365633N, 79.761668W, 11, B04228,, 
471,  1.5,  0.5,  588,  347, 10/26/2017 18:37:56, 43.365565N, 79.761582W, 11, B04230,, 
472,  0.0,  0.0,  122, 71.0, 10/26/2017 18:40:21, 43.365498N, 79.761677W, 11, B04231,, 
473,  0.8,  0.0,  366,  203, 10/26/2017 18:44:06, 43.365670N, 79.762272W, 11, B04232,, 
474,  0.8, -0.5, 88.0, 71.8, 10/26/2017 18:45:31, 43.365837N, 79.762870W, 11, B04233,, 
475,  0.0,  0.0, 26.2, 11.0, 10/26/2017 18:49:11, 43.365898N, 79.763245W, 11, B04235,, 
476,  0.0,  0.0, 28.6, 11.6, 10/26/2017 18:49:43, 43.365902N, 79.763245W, 11, B04236,, 
477, 21.7, 19.5,  200,  123, 10/26/2017 18:51:31, 43.366057N, 79.763637W, 11, B04237,, 
478,  164, 88.5,  468,  286, 10/26/2017 18:51:44, 43.366040N, 79.763595W, 11, B04238,, 
479,  577,  266,  155, 83.8, 10/26/2017 18:52:08, 43.366038N, 79.763583W, 11, B04239,, 
480,  0.8,  0.0,  598,  311, 10/26/2017 18:53:10, 43.366055N, 79.763602W, 11, B04240,, 
481,  0.0,  0.0,  604,  367, 10/26/2017 18:54:21, 43.366187N, 79.763605W, 11, B04241,, 
482,  0.8,  0.0,  703,  345, 10/26/2017 18:55:27, 43.366175N, 79.763830W, 11, B04242,, 
483, 22.6,  9.0,  113, 52.7, 10/26/2017 18:56:29, 43.366170N, 79.763745W, 11, B04243,, 
484,  185,  105,  611,  333, 10/26/2017 18:56:51, 43.366170N, 79.763743W, 11, B04244,, 
485,  601,  287,  196,  102, 10/26/2017 18:58:11, 43.366172N, 79.763720W, 11, B04245,, 
486,  132, 83.5,  614,  296, 10/26/2017 18:58:37, 43.366173N, 79.763727W, 11, B04246,, 
487,  141, 72.2,  620,  292, 10/26/2017 18:58:53, 43.366175N, 79.763737W, 11, B04247,, 
488,  606,  304,  133, 79.0, 10/26/2017 18:59:08, 43.366182N, 79.763748W, 11, B04248,, 
489,  0.0,  0.5, 40.0, 32.4, 10/26/2017 19:00:30, 43.366088N, 79.763855W, 11, B04249,, 
490,  114, 84.8,  433,  213, 10/26/2017 19:01:51, 43.366095N, 79.763828W, 11, B04250,, 
491,  113, 66.4,  401,  263, 10/26/2017 19:02:05, 43.366098N, 79.763862W, 11, B04251,, 
492,  135, 74.1,  466,  235, 10/26/2017 19:02:19, 43.366102N, 79.763860W, 11, B04252,, 
493,  127, 70.8,  275,  192, 10/26/2017 19:03:42, 43.366053N, 79.763672W, 11, B04253,, 
494,  170, 80.9, , , 10/26/2017 19:03:47, 43.366053N, 79.763670W, 11, ,, 
495,  0.8,  0.0,  352,  250, 10/26/2017 19:05:10, 43.365910N, 79.763235W, 11, B04254,, 
496, , , , , 10/26/2017 19:06:25, 43.365867N, 79.763147W, 11, B04255,, 
497,  0.8,  0.0, 98.3, 80.4, 10/26/2017 19:12:48, 43.366265N, 79.764183W, 11, B04257,, 
498,  0.8,  0.0,  430,  266, 10/26/2017 19:15:46, 43.366363N, 79.764510W, 11, B04258,, 
499, , , , , 10/26/2017 19:15:48, 43.366363N, 79.764510W, 11, ,, 
500,  0.8,  0.5,  538,  370, 10/26/2017 19:17:09, 43.366518N, 79.764698W, 11, B04259,, 
501,  0.8,  0.0, 80.3, 68.6, 10/26/2017 19:19:57, 43.366745N, 79.764993W, 11, B04260,, 
502,  501,  326,  132, 83.5, 10/26/2017 19:21:42, 43.366633N, 79.765213W, 11, B04261,, 
503,  0.8,  0.0, 72.5, 36.1, 10/26/2017 19:22:03, 43.366595N, 79.765185W, 11, B04262,, 
504,  0.0,  0.0,  142,  104, 10/26/2017 19:23:50, 43.366728N, 79.765388W, 11, B04263,, 
505,  0.8,  0.0,  148,  108, 10/26/2017 19:24:07, 43.366800N, 79.765352W, 11, B04264,, 
506,  0.8,  0.0,  132, 99.2, 10/26/2017 19:24:31, 43.366797N, 79.765342W, 11, B04265,, 
507,  536,  339,  141,  102, 10/26/2017 19:25:59, 43.366770N, 79.765215W, 11, B04266,, 
508,  0.8,  0.0,  129, 99.2, 10/26/2017 19:27:30, 43.366743N, 79.765305W, 11, B04267,, 
509,  0.8,  0.0,  129, 98.2, 10/26/2017 19:27:40, 43.366743N, 79.765305W, 11, B04268,, 
510,  0.8,  0.0,  140,  105, 10/26/2017 19:27:57, 43.366752N, 79.765298W, 11, B04269,, 
511,  0.0,  0.0,  567,  267, 10/26/2017 19:29:57, 43.366820N, 79.765678W, 11, B04270,, 
512,  142,  109,  382,  290, 10/26/2017 19:31:18, 43.366958N, 79.765928W, 11, B04271,, 
513,  0.8,  0.0,  187,  149, 10/26/2017 19:32:21, 43.366970N, 79.765930W, 11, B04273,, 
514,  0.8,  0.0,  494,  265, 10/26/2017 19:32:32, 43.366970N, 79.765930W, 11, B04273,, 
515,  0.0,  0.0, 98.0, 81.2, 10/26/2017 19:34:22, 43.366865N, 79.765682W, 11, B04274,, 
516,  0.8,  0.0, 55.4, 20.4, 10/26/2017 19:35:42, 43.366835N, 79.765495W, 11, B04275,, 
517,  0.8,  0.0, 53.1, 19.8, 10/26/2017 19:36:09, 43.366795N, 79.765532W, 11, B04276,, 
518,  134, 76.4,  539,  332, 10/26/2017 19:41:25, 43.366830N, 79.766472W, 11, B04277,, 
519,  124, 83.8,  639,  310, 10/26/2017 19:41:33, 43.366830N, 79.766472W, 11, B04278,, 
520,  498,  346,  125, 71.4, 10/26/2017 19:41:42, 43.366832N, 79.766470W, 11, B04279,, 
521, 21.0,  6.8, 93.9, 41.6, 10/26/2017 19:43:16, 43.366828N, 79.766475W, 11, B04280,, 
522,  137, 65.3,  652,  307, 10/26/2017 19:43:27, 43.366828N, 79.766475W, 11, B04280,, 
523,  634,  302,  117, 66.2, 10/26/2017 19:43:40, 43.366827N, 79.766473W, 11, B04282,, 
524,  141, 80.6,  643,  307, 10/26/2017 19:46:41, 43.366818N, 79.766487W, 11, B04284,, 
525,  149, 81.1,  536,  350, 10/26/2017 19:46:50, 43.366818N, 79.766488W, 11, B04285,, 
526,  581,  309,  115, 80.9, 10/26/2017 19:46:59, 43.366817N, 79.766488W, 11, B04286,, 
527,  130, 66.6,  611,  313, 10/26/2017 19:49:19, 43.366825N, 79.766647W, 11, B04287,, 
528, 99.9, 70.4,  533,  313, 10/26/2017 19:49:32, 43.366827N, 79.766647W, 11, B04288,, 
529,  123, 81.1,  515,  365, 10/26/2017 19:51:20, 43.366883N, 79.766620W, 11, B04289,, 
530,  128, 73.2,  614,  295, 10/26/2017 19:51:28, 43.366885N, 79.766623W, 11, B04290,, 
531,  567,  318,  129, 82.7, 10/26/2017 19:51:39, 43.366893N, 79.766635W, 11, B04291,, 
532, , , , , 10/26/2017 19:53:45, 43.366908N, 79.766638W, 11, B04292,, 
533,  513,  306,  160, 87.2, 10/26/2017 19:56:35, 43.366570N, 79.767268W, 11, B04293,, 
534,  0.0,  0.0,  544,  276, 10/26/2017 19:58:16, 43.366642N, 79.767368W, 11, B04294,, 
535,  0.0,  0.0,  141,  108, 10/26/2017 20:02:28, 43.366340N, 79.767923W, 11, B04295,, 
536,  8.5,  6.8, , , 10/26/2017 20:02:38, 43.366342N, 79.767918W, 11, B04296,, 
537, 49.7, 39.0,  139,  107, 10/26/2017 20:02:54, 43.366343N, 79.767918W, 11, ,, 
538,  0.8,  0.0,  139,  109, 10/26/2017 20:03:03, 43.366343N, 79.767918W, 11, B04297,, 
539,  3.1,  2.6,  121, 95.1, 10/26/2017 20:05:11, 43.366257N, 79.767860W, 11, B04298,, 
540,  0.0,  0.0, 96.0, 73.0, 10/26/2017 20:05:22, 43.366252N, 79.767868W, 11, B04299,, 
541,  0.0,  0.0,  127, 98.2, 10/26/2017 20:05:34, 43.366247N, 79.767870W, 11, B04300,, 
542, , , , , 10/26/2017 20:11:11, 43.365717N, 79.768752W, 11, B04301,, 
543,  529,  248,  157, 90.6, 10/26/2017 20:12:09, 43.365617N, 79.768740W, 11, B04302,, 
544,  2.3,  0.5,  600,  277, 10/26/2017 20:13:55, 43.365513N, 79.768842W, 11, B04303,, 
545, , , , , 10/26/2017 20:14:56, 43.365482N, 79.768990W, 11, B04304,, 
546,  0.8,  0.0,  484,  273, 10/26/2017 20:16:06, 43.365425N, 79.769178W, 11, B04305,, 
547,  3.9,  1.1, 64.8, 29.9, 10/26/2017 20:17:55, 43.365090N, 79.769513W, 11, B04306,, 
548, 30.2, 12.6,  273, 89.6, 10/26/2017 20:32:46, 43.366017N, 79.769450W, 11, B04307,, 
549, 38.7, 16.3,  290, 94.8, 10/26/2017 20:33:02, 43.366017N, 79.769448W, 11, B04308,, 
550,  0.8,  0.5, 42.6, 21.0, 10/26/2017 20:36:22, 43.366013N, 79.769707W, 11, B04309,, 
551,  476,  303,  116, 72.8, 10/26/2017 20:43:20, 43.367718N, 79.766837W, 11, B04310,, 
552,  0.8,  0.0,  176,  132, 10/26/2017 20:45:18, 43.367583N, 79.766768W, 11, B04334,, 
553,  3.1,  1.1, 98.8, 46.6, 10/26/2017 20:46:30, 43.367512N, 79.766747W, 11, ,, 
554,  0.8,  0.0, 17.7,  9.9, 10/26/2017 20:48:13, 43.367685N, 79.766895W, 11, B04336,, 
555,  0.0,  0.0,  137,  111, 10/26/2017 20:52:36, 43.368535N, 79.767193W, 11, B04337,, 
556,  505,  307,  136, 97.7, 10/26/2017 20:54:33, 43.368292N, 79.766862W, 11, B04338,, 
557, 33.4, 13.2,  244, 91.7, 10/26/2017 20:57:43, 43.368103N, 79.765172W, 11, B04339,, 
558, 34.8, 14.7,  245, 91.4, 10/26/2017 20:57:55, 43.368103N, 79.765175W, 11, B04340,, 
559, 45.7, 18.4,  261, 97.4, 10/26/2017 21:05:07, 43.365073N, 79.767765W, 11, B04341,, 
560, , , , , 10/26/2017 21:09:51, 43.364508N, 79.770173W, 11, B04342,, 
561,  0.0,  0.0,  132,  109, 10/26/2017 21:12:14, 43.364337N, 79.770593W, 11, B04343,, 
562, , , , , 10/26/2017 21:13:22, 43.364250N, 79.770402W, 11, B04344,, 
563,  618,  292,  163, 93.0, 10/26/2017 21:15:08, 43.364277N, 79.770625W, 11, B04345,, 
564,  0.8,  0.5,  517,  288, 10/26/2017 21:25:19, 43.362885N, 79.771307W, 11, B04347,, 
565, , , , , 10/26/2017 21:25:29, 43.362885N, 79.771307W, 11, B04348,, 
566,  1.5,  0.5, 70.0, 30.3, 10/26/2017 21:35:59, 43.361918N, 79.771635W, 11, B04349,, 
567,  9.3,  4.2, 68.7, 29.9, 10/26/2017 21:36:11, 43.361937N, 79.771642W, 11, B04350,, 
568,  460,  299,  167, 90.9, 10/26/2017 21:38:05, 43.362257N, 79.771668W, 11, B04351,, 
569,  4.7,  1.6, 68.1, 32.6, 10/26/2017 21:40:34, 43.362537N, 79.772430W, 11, B04352,, 
570,  482,  332,  137, 93.8, 10/26/2017 21:46:16, 43.360702N, 79.773253W, 11, B04353,, 
571, 26.4, 13.7,  435,  247, 10/26/2017 21:51:02, 43.360173N, 79.773733W, 11, B04354,, 
572,  139, 91.7,  480,  275, 10/26/2017 21:51:40, 43.360180N, 79.773747W, 11, B04355,, 
573,  112, 67.4,  216,  115, 10/26/2017 21:51:51, 43.360192N, 79.773742W, 11, B04356,, 
574,  0.8,  0.0,  105, 85.1, 10/26/2017 21:53:40, 43.360427N, 79.773528W, 11, B04357,, 
575,  0.8,  0.0, 93.1, 75.7, 10/26/2017 21:53:55, 43.360427N, 79.773527W, 11, B04358,, 
576,  154, 86.9,  588,  296, 10/26/2017 21:55:40, 43.360237N, 79.773832W, 11, B04359,, 
577,  165, 87.5,  509,  325, 10/26/2017 21:55:48, 43.360240N, 79.773825W, 11, B04360,, 
578,  558,  291,  163, 88.3, 10/26/2017 21:55:56, 43.360232N, 79.773793W, 11, B04361,, 
579,  141, 84.8,  520,  246, 10/26/2017 21:58:10, 43.360213N, 79.773958W, 11, B04362,, 
580,  162, 85.4,  521,  312, 10/26/2017 21:58:19, 43.360200N, 79.773942W, 11, B04363,, 
581,  356,  211,  158, 83.8, 10/26/2017 21:58:28, 43.360157N, 79.773905W, 11, B04364,, 
582, 85.6, 44.4,  350,  232, 10/26/2017 22:00:13, 43.360185N, 79.773937W, 11, B04365,, 
583, 74.5, 42.2,  440,  214, 10/26/2017 22:00:22, 43.360193N, 79.773943W, 11, B04366,, 
584,  480,  227, 72.4, 42.8, 10/26/2017 22:00:31, 43.360198N, 79.773947W, 11, B04367,, 
585,  0.8,  0.0, 86.4, 73.3, 10/26/2017 22:03:25, 43.360448N, 79.776512W, 11, B04368,, 
586,  1.5,  0.0, 91.1, 77.5, 10/26/2017 22:05:02, 43.360278N, 79.776493W, 11, B04369,, 
587,  0.8,  0.0, 94.9, 80.1, 10/26/2017 22:08:09, 43.359342N, 79.776127W, 11, B04370,, 
588,  552,  327,  141, 96.1, 10/26/2017 22:11:17, 43.358585N, 79.775658W, 11, B04371,, 
589,  0.8,  0.0,  108, 89.1, 10/26/2017 22:12:37, 43.358657N, 79.775607W, 11, B04372,, 
590,  578,  309,  154, 97.4, 10/26/2017 22:16:36, 43.358807N, 79.775018W, 11, B04373,, 
591,  0.8,  0.0,  541,  364, 10/26/2017 22:19:47, 43.359562N, 79.774218W, 11, B04374,, 
592,  0.8,  0.0,  674,  374, 10/26/2017 22:21:23, 43.359328N, 79.774647W, 11, B04311,, 
593,  519,  320,  125, 91.4, 10/26/2017 22:33:43, 43.360218N, 79.771418W, 11, B04312,, 
594, 45.0, 27.9,  529,  339, 10/26/2017 22:36:40, 43.360620N, 79.771460W, 11, B04313,, 
595, 14.8,  5.8, 79.2, 37.9, 10/26/2017 22:37:03, 43.360622N, 79.771450W, 11, B04314,, 
596, 58.2, 24.2,  585,  317, 10/26/2017 22:37:16, 43.360607N, 79.771458W, 11, B04315,, 
597,  664,  312, 58.1, 24.2, 10/26/2017 22:39:21, 43.360762N, 79.771482W, 11, B04315,, 
598,  104, 71.3, , , 10/26/2017 22:39:43, 43.360763N, 79.771482W, 11, B04316,, 
599,  113, 70.1,  462,  289, 10/26/2017 22:39:52, 43.360765N, 79.771482W, 11, B04317,, 
600,  379,  271, 88.5, 68.0, 10/26/2017 22:40:02, 43.360768N, 79.771487W, 11, B04318,, 
601, 37.3, 21.6,  427,  213, 10/26/2017 22:41:53, 43.360788N, 79.771625W, 11, B04319,, 
602,  144, 83.8,  609,  336, 10/26/2017 22:42:03, 43.360792N, 79.771625W, 11, B04320,, 
603,  639,  302,  147, 86.9, 10/26/2017 22:42:13, 43.360807N, 79.771625W, 11, B04321,, 
604, 42.7, 33.2,  606,  393, 10/26/2017 22:44:06, 43.360720N, 79.771695W, 11, B04322,, 
605,  408,  315, , , 10/26/2017 22:44:15, 43.360715N, 79.771680W, 11, B04323,, 
606,  225,  109,  638,  315, 10/26/2017 22:47:28, 43.360638N, 79.771608W, 11, B04324,, 
607,  161, 85.4,  588,  330, 10/26/2017 22:47:41, 43.360638N, 79.771610W, 11, B04325,, 
608, 15.5,  6.3, 40.2, 19.4, 10/26/2017 22:49:56, 43.360643N, 79.771485W, 11, B04326,, 
609, 24.1,  8.4, 83.6, 39.9, 10/26/2017 22:50:04, 43.360643N, 79.771485W, 11, B04327,, 
610, 70.6, 33.7, 22.5,  7.4, 10/26/2017 22:50:16, 43.360643N, 79.771472W, 11, B04328,, 
611,  0.0,  0.0,  539,  283, 10/27/2017 15:09:18, 43.360425N, 79.771580W, 11, B04333,, 
612,  1.6,  0.5,  681,  328, 10/27/2017 15:19:15, 43.359293N, 79.771187W, 11, B04332,, 
613, , , , , 10/27/2017 15:19:29, 43.359297N, 79.771193W, 11, B04331,, 
614,  526,  313,  170, 91.7, 10/27/2017 15:20:24, 43.359295N, 79.771280W, 11, B04330,, 
615, , , , , 10/27/2017 15:22:45, 43.359237N, 79.771217W, 11, B04329,, 
616,  1.6,  0.5, 47.2, 21.5, 10/27/2017 15:25:53, 43.358775N, 79.771518W, 11, B04327,, 
617,  0.0,  0.0, 55.0, 21.0, 10/27/2017 15:28:50, 43.358432N, 79.771467W, 11, B04328,, 
618,  0.0,  0.0, 54.2, 20.0, 10/27/2017 15:29:01, 43.358460N, 79.771462W, 11, B04432,, 
619,  0.8,  0.0, 74.3, 66.2, 10/27/2017 15:31:24, 43.358105N, 79.771398W, 11, B04433,, 
620,  2.3,  1.1,  489,  346, 10/27/2017 15:40:01, 43.357532N, 79.770887W, 11, B04434,, 
621,  0.8,  0.0, 89.3, 75.2, 10/27/2017 15:40:21, 43.357507N, 79.770883W, 11, B04435,, 
622,  0.0,  0.0,  553,  241, 10/27/2017 15:42:20, 43.357270N, 79.770577W, 11, B04436,, 
623,  0.0, -0.5, 87.5, 39.4, 10/27/2017 15:44:30, 43.356887N, 79.769995W, 11, B04437,, 
624,  0.0, -0.5, 85.9, 38.4, 10/27/2017 15:44:46, 43.356838N, 79.770005W, 11, B04438,, 
625,  0.0,  0.0, 91.8, 80.7, 10/27/2017 15:45:55, 43.356757N, 79.769827W, 11, B04439,, 
626,  0.0, -1.1, 58.2, 21.1, 10/27/2017 15:50:25, 43.356187N, 79.769042W, 11, B04440,, 
627,  1.6,  0.0, 59.4, 22.5, 10/27/2017 15:50:39, 43.356188N, 79.769035W, 11, B04441,, 
628, , , , , 10/27/2017 15:52:30, 43.356403N, 79.769397W, 11, B04442,, 
629,  535,  332,  145, 84.1, 10/27/2017 15:57:44, 43.356808N, 79.768048W, 11, B04443,, 
630, , , , , 10/27/2017 16:03:17, 43.356975N, 79.766050W, 11, B04444,, 
631, , , , , 10/27/2017 16:08:41, 43.357527N, 79.766177W, 11, B04445,, 
632,  0.8,  0.0,  104, 84.9, 10/27/2017 16:15:09, 43.358745N, 79.767755W, 11, B04446,, 
633,  0.8,  0.0,  119, 93.5, 10/27/2017 16:15:18, 43.358730N, 79.767733W, 11, B04447,, 
634,  519,  321,  134, 87.0, 10/27/2017 16:18:06, 43.358352N, 79.767515W, 11, B04448,, 
635,  141, 80.9,  578,  272, 10/27/2017 16:21:51, 43.359103N, 79.768422W, 11, B04449,, 
636,  137, 79.6,  598,  261, 10/27/2017 16:22:01, 43.359068N, 79.768418W, 11, B04450,, 
637,  536,  309,  150, 71.1, 10/27/2017 16:22:19, 43.359035N, 79.768413W, 11, B04451,, 
638,  134, 79.3,  550,  304, 10/27/2017 16:23:34, 43.359028N, 79.768325W, 11, B04452,, 
639,  127, 88.0,  518,  333, 10/27/2017 16:23:41, 43.359028N, 79.768325W, 11, B04453,, 
640,  0.0,  0.0,  634,  300, 10/27/2017 16:25:48, 43.358940N, 79.767992W, 11, B04454,, 
641,  0.0,  0.0,  668,  310, 10/27/2017 16:27:11, 43.358930N, 79.768062W, 11, B04455,, 
642,  141, 86.1,  631,  329, 10/27/2017 16:28:48, 43.359045N, 79.768380W, 11, B04456,, 
643,  138, 89.0,  615,  323, 10/27/2017 16:28:55, 43.359045N, 79.768378W, 11, B04457,, 
644,  613,  304,  132, 83.5, 10/27/2017 16:29:05, 43.359045N, 79.768377W, 11, B04458,, 
645,  137, 84.6,  543,  320, 10/27/2017 16:31:05, 43.359253N, 79.768440W, 11, B04459,, 
646,  150, 80.6,  615,  296, 10/27/2017 16:31:12, 43.359248N, 79.768445W, 11, B04460,, 
647,  636,  299,  150, 79.0, 10/27/2017 16:31:20, 43.359230N, 79.768448W, 11, B04461,, 
648,  108, 64.5,  268,  180, 10/27/2017 16:32:53, 43.359173N, 79.768493W, 11, B04402,, 
649,  130, 84.8,  551,  315, 10/27/2017 16:33:01, 43.359172N, 79.768475W, 11, B04403,, 
650,  601,  329,  122, 84.6, 10/27/2017 16:33:09, 43.359168N, 79.768483W, 11, B04404,, 
651, , , , , 10/27/2017 16:35:55, 43.359812N, 79.769188W, 11, B04405,, 
652,  134, 66.4,  590,  257, 10/27/2017 16:41:12, 43.360230N, 79.770358W, 11, B04406,, 
653,  122, 70.0,  636,  258, 10/27/2017 16:41:19, 43.360225N, 79.770378W, 11, B04407,, 
654,  594,  240,  128, 61.9, 10/27/2017 16:41:28, 43.360242N, 79.770378W, 11, B04408,, 
655, 52.6, 33.5,  490,  243, 10/27/2017 16:43:10, 43.360330N, 79.770525W, 11, B04409,, 
656,  116, 71.6, , , 10/27/2017 16:43:14, 43.360363N, 79.770520W, 11, B04410,, 
657,  408,  285, , , 10/27/2017 16:43:17, 43.360345N, 79.770530W, 11, ,, 
658,  472,  232,  132, 77.3, 10/27/2017 16:43:25, 43.360323N, 79.770492W, 11, B04411,, 
659,  116, 70.7,  495,  267, 10/27/2017 16:44:36, 43.360162N, 79.770572W, 11, B04412,, 
660,  134, 68.4,  539,  269, 10/27/2017 16:44:44, 43.360180N, 79.770587W, 11, B04413,, 
661,  550,  282,  114, 65.7, 10/27/2017 16:44:52, 43.360160N, 79.770573W, 11, B04414,, 
662, 86.1, 66.4,  632,  274, 10/27/2017 16:46:07, 43.360097N, 79.770570W, 11, B04415,, 
663, 93.8, 68.9,  379,  260, 10/27/2017 16:46:13, 43.360100N, 79.770565W, 11, B04415,, 
664,  468,  316, 77.1, 58.7, 10/27/2017 16:46:23, 43.360112N, 79.770550W, 11, B04417,, 
665,  517,  333,  132, 90.2, 10/27/2017 16:48:55, 43.360948N, 79.770357W, 11, B04418,, 
666,  639,  321,  178, 83.2, 10/27/2017 16:53:48, 43.362555N, 79.769285W, 11, B04419,, 
667,  612,  321,  163, 88.1, 10/27/2017 16:56:50, 43.362790N, 79.770162W, 11, B04420,, 
668,  619,  370,  176, 86.7, 10/27/2017 16:58:59, 43.362192N, 79.770565W, 11, B04421,, 
669,  0.8,  0.0,  598,  344, 10/27/2017 17:11:51, 43.364382N, 79.757580W, 11, B04422,, 
670,  691,  277,  203, 98.0, 10/27/2017 17:13:11, 43.364412N, 79.757818W, 11, B04423,, 
671,  0.0,  0.0, 93.0, 79.5, 10/27/2017 17:14:08, 43.364467N, 79.757932W, 11, B04424,, 
672,  549,  280,  119, 66.4, 10/27/2017 17:19:42, 43.364405N, 79.760735W, 11, B04425,, 
673, 28.6, 18.8, 73.0, 31.1, 10/27/2017 17:20:05, 43.364402N, 79.760752W, 11, B04426,, 
674,  0.0,  0.0, 88.6, 75.5, 10/27/2017 17:21:46, 43.362967N, 79.759923W, 11, B04427,, 
675,  605,  324,  177, 90.5, 10/27/2017 17:22:46, 43.362812N, 79.759890W, 11, B04428,, 
676,  604,  288,  136, 77.1, 10/27/2017 17:24:57, 43.363313N, 79.759228W, 11, B04429,, 
677,  575,  276,  144, 89.7, 10/27/2017 17:27:35, 43.364052N, 79.758573W, 11, B04430,, 
678,  457,  315,  147, 92.1, 10/27/2017 17:30:29, 43.362043N, 79.760518W, 11, B04375,, 
679,  0.0, -0.5, 45.2, 19.3, 10/27/2017 17:30:48, 43.362050N, 79.760520W, 11, B04376,, 
680, , , , , 10/27/2017 17:32:23, 43.362050N, 79.760338W, 11, B04377,, 
681,  635,  294,  156, 81.6, 10/27/2017 17:33:38, 43.362168N, 79.760477W, 11, B04378,, 
682,  694,  319,  0.0,  0.0, 10/27/2017 17:34:41, 43.362120N, 79.760543W, 11, B04379,, 
683, , , , , 10/27/2017 17:35:41, 43.362210N, 79.760705W, 11, B04380,, 
684,  0.0,  0.0,  667,  395, 10/27/2017 17:37:54, 43.362555N, 79.761115W, 11, B04381,, 
685, , , , , 10/27/2017 17:37:54, 43.362555N, 79.761115W, 11, ,, 
686, , , , , 10/27/2017 17:37:55, 43.362552N, 79.761112W, 11, ,, 
687,  523,  320,  168, 90.7, 10/27/2017 17:38:51, 43.362567N, 79.761213W, 11, B04382,, 
688,  0.0,  0.0,  734,  404, 10/27/2017 17:42:07, 43.363940N, 79.761935W, 11, B04383,, 
689,  561,  313,  181, 88.9, 10/27/2017 17:44:19, 43.364752N, 79.761768W, 11, ,, 
690, 37.3, 32.8,  124, 96.4, 10/27/2017 17:46:39, 43.364887N, 79.762237W, 11, B04385,, 
691,  0.8,  0.0, 60.1, 25.2, 10/27/2017 17:48:34, 43.364240N, 79.762960W, 11, B04386,, 
692,  623,  296,  164, 75.7, 10/27/2017 17:52:32, 43.363792N, 79.763192W, 11, B04387,, 
693,  623,  314,  195, 99.0, 10/27/2017 17:56:30, 43.361502N, 79.762617W, 11, B04388,, 
694,  594,  277,  161, 88.3, 10/27/2017 18:01:31, 43.362088N, 79.762002W, 11, B04490,, 
695, , , , , 10/27/2017 19:06:11, 43.354475N, 79.768542W, 11, ,, 
696, , , , , 10/27/2017 19:13:51, 43.366425N, 79.763405W, 11, ,, 
697,  657,  330,  161, 92.6, 10/27/2017 19:15:33, 43.366803N, 79.763150W, 11, B04489,, 
698,  561,  256,  170, 92.3, 10/27/2017 19:17:39, 43.367855N, 79.762358W, 11, B04488,, 
699,  619,  282,  132, 90.2, 10/27/2017 19:22:43, 43.371057N, 79.760325W, 11, B04487,, 
700,  624,  255,  149, 74.4, 10/27/2017 19:23:14, 43.371070N, 79.760325W, 11, B04486,, 
701, , , , , 10/27/2017 19:24:11, 43.370975N, 79.760167W, 11, B04485,, 
702,  0.0, -0.5, 55.3, 24.6, 10/27/2017 19:30:18, 43.368150N, 79.757195W, 11, B04484,, 
703,  402,  231,  159,  101, 10/27/2017 19:32:11, 43.367660N, 79.757632W, 11, B04483,, 
704, 15.9,  5.9,  248, 88.9, 10/27/2017 19:37:43, 43.366702N, 79.760668W, 11, B04482,, 
705,  0.8,  0.0,  117, 45.4, 10/27/2017 19:37:55, 43.366697N, 79.760662W, 11, B04481,, 
706, 10.3,  4.8,  278,  117, 10/27/2017 19:40:27, 43.367250N, 79.761480W, 11, B04480,, 
707, 44.3, 17.7,  265,  112, 10/27/2017 19:40:38, 43.367250N, 79.761480W, 11, B04479,, 
708,  0.0, -0.5,  478,  300, 10/30/2017 15:58:22, 43.368612N, 79.752127W, 11, B04517,, 
709,  2.4,  1.1, 75.9, 28.9, 10/30/2017 16:02:30, 43.369350N, 79.751163W, 11, B04518,, 
710,  1.6,  1.1,  529,  260, 10/30/2017 16:04:09, 43.369197N, 79.751517W, 11, B04519,, 
711,  0.0,  0.0, 77.5, 29.4, 10/30/2017 16:10:45, 43.371180N, 79.749132W, 11, B04520,, 
712,  0.8,  0.5,  774,  467, 10/30/2017 16:17:11, 43.373195N, 79.746962W, 11, B04521,, 
713,  0.8,  0.5,  724,  457, 10/30/2017 16:17:29, 43.373205N, 79.746993W, 11, B04522,, 
714, 50.3, 26.5, 18.3,  8.1, 10/30/2017 16:21:37, 43.373670N, 79.746367W, 11, B04523,, 
715,  6.4,  2.7, 97.0, 47.9, 10/30/2017 16:21:51, 43.373668N, 79.746363W, 11, B04524,, 
716, 46.3, 25.9, 19.1, 12.9, 10/30/2017 16:24:29, 43.373733N, 79.746160W, 11, B04525,, 
717,  129,  104, 45.5, 29.2, 10/30/2017 16:24:40, 43.373732N, 79.746160W, 11, B04526,, 
718,  749,  308,  0.8,  1.1, 10/30/2017 16:24:51, 43.373722N, 79.746150W, 11, B04527,, 
719,  0.8,  1.1,  753,  314, 10/30/2017 16:25:05, 43.373712N, 79.746147W, 11, B04528,, 
720, , , , , 10/30/2017 16:26:47, 43.373730N, 79.746230W, 11, B04529,, 
721, 47.1, 22.7,  0.8,  1.1, 10/30/2017 16:30:08, 43.374020N, 79.746070W, 11, B04530,, 
722, 46.3, 22.1,  1.6,  1.6, 10/30/2017 16:30:24, 43.374020N, 79.746070W, 11, B04531,, 
723,  554,  323,  158, 96.6, 10/30/2017 16:32:57, 43.374342N, 79.745563W, 11, B04532,, 
724,  0.8,  1.1, 35.0, 16.2, 10/30/2017 16:33:09, 43.374362N, 79.745532W, 11, B04533,, 
725, , , , , 10/30/2017 16:34:17, 43.374483N, 79.745447W, 11, ,, 
726,  532,  360,  170, 91.8, 10/30/2017 16:37:18, 43.375262N, 79.744568W, 11, B04534,, 
727, 15.1,  7.0, 88.0, 40.3, 10/30/2017 16:40:50, 43.376367N, 79.743525W, 11, B04535,, 
728,  167,  129,  3.2,  2.2, 10/30/2017 16:42:36, 43.376268N, 79.743243W, 11, B04536,, 
729,  3.2,  2.2,  153,  120, 10/30/2017 16:42:45, 43.376273N, 79.743247W, 11, ,, 
730,  359,  285,  135, 87.5, 10/30/2017 16:52:51, 43.379318N, 79.740042W, 11, B04538,, 
731,  1.6,  1.1,  3.2,  2.7, 10/30/2017 16:54:36, 43.379708N, 79.739800W, 11, B04539,, 
732,  334,  233,  172,  101, 10/30/2017 16:57:28, 43.379905N, 79.739372W, 11, B04540,, 
733,  484,  262,  146,  101, 10/30/2017 17:03:04, 43.381068N, 79.738053W, 11, B04541,, 
734,  1.6,  1.6,  447,  270, 10/30/2017 17:05:58, 43.381247N, 79.738163W, 11, B04542,, 
735,  1.6,  1.6,  422,  269, 10/30/2017 17:07:41, 43.381458N, 79.737908W, 11, B04543,, 
736,  0.8,  1.6, , , 10/30/2017 17:07:52, 43.381455N, 79.737907W, 11, B04544,, 
737,  1.6,  1.6,  431,  270, 10/30/2017 17:08:08, 43.381458N, 79.737898W, 11, ,, 
738,  1.6,  1.1, 23.1, 12.4, 10/30/2017 17:09:53, 43.381395N, 79.737773W, 11, B04545,, 
739,  0.0,  0.0,  224,  143, 10/30/2017 17:11:13, 43.381410N, 79.737668W, 11, B04546,, 
740,  0.0,  0.0,  238,  126, 10/30/2017 17:11:33, 43.381410N, 79.737670W, 11, B04547,, 
741,  2.4,  1.6, 75.9, 27.8, 10/30/2017 17:13:08, 43.381513N, 79.737597W, 11, B04548,, 
742,  1.6,  1.6,  6.3,  4.3, 10/30/2017 17:14:22, 43.381687N, 79.737695W, 11, B04549,, 
743,  1.6,  1.1,  7.1,  4.8, 10/30/2017 17:14:39, 43.381687N, 79.737697W, 11, B04550,, 
744,  1.6,  1.6, 75.7, 32.6, 10/30/2017 17:16:21, 43.381823N, 79.737803W, 11, B04551,, 
745,  1.6,  1.6,  453,  271, 10/30/2017 17:18:03, 43.381742N, 79.737963W, 11, B04552,, 
746,  1.6,  1.6,  467,  262, 10/30/2017 17:18:36, 43.381748N, 79.737958W, 11, B04553,, 
747,  1.6,  1.6,  471,  246, 10/30/2017 17:20:07, 43.381910N, 79.738205W, 11, B04554,, 
748,  1.6,  1.1,  470,  323, 10/30/2017 17:20:24, 43.381910N, 79.738205W, 11, B04555,, 
749,  668,  334,  0.8,  1.1, 10/30/2017 17:21:59, 43.381922N, 79.738188W, 11, B04556,, 
750,  0.8,  1.1,  667,  353, 10/30/2017 17:22:21, 43.381922N, 79.738185W, 11, B04557,, 
751,  1.6,  1.6,  479,  254, 10/30/2017 17:24:16, 43.381670N, 79.738058W, 11, B04558,, 
752,  1.6,  1.6,  231, 90.5, 10/30/2017 17:25:23, 43.381597N, 79.737963W, 11, B04559,, 
753,  0.0,  0.5, 41.9, 30.5, 10/30/2017 17:26:33, 43.381570N, 79.738000W, 11, B04560,, 
754,  2.4,  1.6,  372,  292, 10/30/2017 17:30:15, 43.381015N, 79.738568W, 11, B04561,, 
755,  1.6,  1.1,  1.6,  1.6, 10/30/2017 17:32:18, 43.380480N, 79.739092W, 11, B04562,, 
756,  9.5,  4.8, 73.5, 46.0, 10/30/2017 17:32:29, 43.380495N, 79.739080W, 11, B04563,, 
757,  1.6,  1.1, 82.7, 37.2, 10/30/2017 17:34:54, 43.380075N, 79.739420W, 11, B04564,, 
758,  2.4,  1.6,  6.3,  5.9, 10/30/2017 17:36:06, 43.379947N, 79.739600W, 11, B04565,, 
759,  1.6,  1.6,  5.6,  4.3, 10/30/2017 17:38:20, 43.379513N, 79.740378W, 11, B04566,, 
760,  640,  387,  1.6,  1.1, 10/30/2017 17:39:42, 43.379558N, 79.740497W, 11, B04567,, 
761,  1.6,  1.1,  481,  332, 10/30/2017 17:39:58, 43.379558N, 79.740497W, 11, B04568,, 
762,  611,  295,  171, 99.3, 10/30/2017 17:41:29, 43.379432N, 79.740505W, 11, B04569,, 
763, , , , , 10/30/2017 17:44:53, 43.378353N, 79.741752W, 11, B04570,, 
764,  528,  325,  156,  103, 10/30/2017 17:46:01, 43.378335N, 79.741732W, 11, B04571,, 
765, , , , , 10/30/2017 17:55:03, 43.375622N, 79.744645W, 11, B04573,, 
766,  537,  284,  147, 95.0, 10/30/2017 17:56:06, 43.375625N, 79.744700W, 11, B04574,, 
767,  1.6,  1.1,  787,  452, 10/30/2017 18:01:44, 43.373428N, 79.746982W, 11, B04575,, 
768, 33.4, 23.2,  115, 97.2, 10/30/2017 18:02:38, 43.373430N, 79.747035W, 11, B04576,, 
769,  601,  312,  155, 99.3, 10/30/2017 18:06:45, 43.373418N, 79.747120W, 11, B04577,, 
770,  1.6,  1.6,  370,  195, 10/30/2017 18:08:19, 43.373413N, 79.747127W, 11, B04578,, 
771,  1.6,  1.1,  388,  194, 10/30/2017 18:09:37, 43.373332N, 79.747092W, 11, B04579,, 
772,  1.6,  1.1, 38.2, 41.5, 10/30/2017 18:10:07, 43.373322N, 79.747120W, 11, B04580,, 
773,  1.6,  1.6, 78.8, 29.9, 10/30/2017 18:15:04, 43.371347N, 79.749302W, 11, B04581,, 
774,  1.6,  1.1, 35.8, 18.3, 10/30/2017 18:16:36, 43.371127N, 79.749445W, 11, B04582,, 
775,  1.6,  1.6,  116,  109, 10/30/2017 18:16:56, 43.371108N, 79.749397W, 11, B04584,, 
776,  1.6,  1.6,  107, 90.2, 10/30/2017 18:22:33, 43.369515N, 79.751307W, 11, B04584,, 
777, 25.4, 11.3,  134,  109, 10/30/2017 18:22:48, 43.369530N, 79.751325W, 11, B04585,, 
778, , , , , 10/30/2017 18:25:26, 43.369442N, 79.751662W, 11, B04586,, 
779, , , , , 10/30/2017 18:25:37, 43.369443N, 79.751662W, 11, B04587,, 
780,  0.0,  0.0,  397,  225, 10/30/2017 18:32:43, 43.367400N, 79.753817W, 11, B04588,, 
781,  1.6,  1.6,  404,  273, 10/30/2017 18:32:56, 43.367402N, 79.753815W, 11, B04589,, 
782,  0.0,  0.0,  351,  258, 10/30/2017 18:34:54, 43.367130N, 79.753847W, 11, B04590,, 
783,  2.4,  1.6, 95.2, 78.9, 10/30/2017 18:36:28, 43.367103N, 79.753590W, 11, B04591,, 
784,  1.6,  1.6,  435,  308, 10/30/2017 18:38:32, 43.367103N, 79.753523W, 11, B04592,, 
785,  1.6,  1.6,  530,  273, 10/30/2017 18:38:41, 43.367100N, 79.753515W, 11, B04593,, 
786,  0.0,  0.0,  426,  220, 10/30/2017 18:40:25, 43.366867N, 79.753270W, 11, B04593,, 
787,  0.0,  0.0,  430,  244, 10/30/2017 18:40:44, 43.366865N, 79.753268W, 11, B04594,, 
788,  0.8,  1.1,  437,  234, 10/30/2017 18:43:44, 43.367375N, 79.753475W, 11, B04595,, 
789,  1.6,  1.1,  458,  219, 10/30/2017 18:43:52, 43.367375N, 79.753475W, 11, B04596,, 
790,  0.8,  1.1,  512,  263, 10/30/2017 18:46:03, 43.367717N, 79.753085W, 11, B04597,, 
791,  2.4,  1.1,  605,  319, 10/30/2017 18:46:14, 43.367722N, 79.753083W, 11, B04598,, 
792,  0.8,  0.5,  564,  297, 10/30/2017 20:42:17, 43.371810N, 79.725112W, 11, B04598,, 
793,  117, 87.0,  460,  325, 10/30/2017 20:42:37, 43.371793N, 79.725085W, 11, B04599,, 
794,  0.8,  0.0, 95.7, 79.2, 10/30/2017 20:44:59, 43.371458N, 79.725445W, 11, B04600,, 
795,  0.8,  1.1, 85.1, 73.1, 10/30/2017 20:45:12, 43.371458N, 79.725445W, 11, B04601,, 
796,  0.8,  1.1,  376,  262, 10/30/2017 20:51:15, 43.370117N, 79.727167W, 11, B04602,, 
797,  0.8,  1.1,  0.8,  1.1, 10/30/2017 20:51:31, 43.370100N, 79.727158W, 11, B04603,, 
798,  0.8,  1.1,  508,  322, 10/30/2017 20:51:48, 43.370095N, 79.727160W, 11, B04604,, 
799,  0.8,  0.5,  429,  261, 10/30/2017 20:53:45, 43.369917N, 79.727368W, 11, B04605,, 
800,  0.8,  0.5,  0.8,  0.5, 10/30/2017 20:53:56, 43.369915N, 79.727368W, 11, B04606,, 
801,  0.8,  0.5,  515,  324, 10/30/2017 20:54:16, 43.369903N, 79.727373W, 11, B04607,, 
802,  0.8,  1.1,  151,  106, 10/30/2017 20:56:18, 43.369627N, 79.727672W, 11, B04608,, 
803,  0.8,  1.1,  147,  115, 10/30/2017 20:56:32, 43.369630N, 79.727692W, 11, B04609,, 
804,  546,  353,  160, 99.9, 10/30/2017 21:01:39, 43.368122N, 79.729953W, 11, B04610,, 
805,  7.1,  5.9,  106, 84.6, 10/30/2017 21:04:20, 43.367785N, 79.730382W, 11, B04611,, 
806, 27.7, 21.9,  106, 85.4, 10/30/2017 21:04:29, 43.367787N, 79.730400W, 11, B04612,, 
807,  0.8,  1.1,  410,  241, 10/30/2017 21:06:37, 43.367577N, 79.730753W, 11, B04613,, 
808,  1.6,  1.1,  382,  256, 10/30/2017 21:06:58, 43.367573N, 79.730753W, 11, B04614,, 
809,  0.8,  0.5, 98.3, 81.1, 10/30/2017 21:08:16, 43.367525N, 79.730822W, 11, B04615,, 
810,  0.8,  0.5,  109, 88.1, 10/30/2017 21:08:31, 43.367523N, 79.730822W, 11, B04616,, 
811,  1.6,  1.1,  430,  268, 10/30/2017 21:09:15, 43.367477N, 79.730863W, 11, B04617,, 
812,  1.6,  1.6,  379,  274, 10/30/2017 21:09:27, 43.367492N, 79.730890W, 11, B04618,, 
813,  0.8,  1.1,  1.6,  1.6, 10/30/2017 21:13:46, 43.366895N, 79.732767W, 11, B04619,, 
814,  1.6,  1.1, 67.8, 27.2, 10/30/2017 21:15:50, 43.366822N, 79.732905W, 11, B04620,, 
815,  1.6,  1.1,  106, 85.9, 10/30/2017 21:17:47, 43.366387N, 79.733502W, 11, B04621,, 
816, 12.7,  9.6,  110, 88.1, 10/30/2017 21:18:06, 43.366437N, 79.733507W, 11, B04622,, 
817,  1.6,  0.5,  585,  329, 10/30/2017 21:19:41, 43.366068N, 79.733638W, 11, B04623,, 
818,  173, 91.3,  617,  295, 10/30/2017 21:19:54, 43.366137N, 79.733772W, 11, B04624,, 
819,  507,  345,  160,  103, 10/30/2017 21:26:46, 43.364150N, 79.738865W, 11, B04626,, 
820, , , , , 10/30/2017 21:28:04, 43.363945N, 79.739013W, 11, B04627,, 
821, 17.4, 13.4,  105, 87.0, 10/30/2017 21:29:37, 43.363795N, 79.739360W, 11, B04628,, 
822,  1.6,  1.1,  102, 84.3, 10/30/2017 21:29:46, 43.363795N, 79.739360W, 11, ,, 
823,  5.6,  2.7, 96.0, 46.2, 10/30/2017 21:35:03, 43.362713N, 79.741285W, 11, B04630,, 
824,  5.6,  2.7, 95.2, 46.2, 10/30/2017 21:35:20, 43.362710N, 79.741287W, 11, B04631,, 
825,  511,  344,  151, 89.7, 10/30/2017 21:36:54, 43.362585N, 79.741288W, 11, B04632,, 
826,  141, 84.0,  544,  374, 10/30/2017 21:39:30, 43.362133N, 79.741805W, 11, B04633,, 
827,  0.8,  1.1,  141,  113, 10/30/2017 21:44:21, 43.360497N, 79.744485W, 11, ,, 
828,  0.8,  1.1, 56.1, 27.8, 10/30/2017 21:45:40, 43.360328N, 79.744640W, 11, B04635,, 
829,  177,  133,  0.8,  1.1, 10/30/2017 21:46:50, 43.360392N, 79.744648W, 11, ,, 
830,  0.8,  1.1, 75.6, 33.4, 10/30/2017 21:49:38, 43.360273N, 79.744502W, 11, B04637,, 
831,  0.8,  1.1, 70.0, 35.0, 10/30/2017 21:49:52, 43.360273N, 79.744502W, 11, B04638,, 
832,  1.6,  1.1,  470,  309, 10/30/2017 21:51:08, 43.360252N, 79.744420W, 11, B04639,, 
833,  0.8,  0.5, 67.8, 24.6, 10/30/2017 21:52:48, 43.360308N, 79.744333W, 11, B04640,, 
834,  1.6,  1.1, 76.5, 35.8, 10/30/2017 21:53:17, 43.360310N, 79.744328W, 11, B04641,, 
835,  1.6,  1.1,  515,  276, 10/30/2017 21:56:42, 43.359410N, 79.742978W, 11, B04642,, 
836,  1.6,  1.6,  316,  269, 10/30/2017 21:57:03, 43.359410N, 79.742977W, 11, B04643,, 
837,  1.6,  1.6,  468,  275, 10/30/2017 21:57:18, 43.359408N, 79.742977W, 11, B04644,, 
838,  1.6,  1.1,  340,  197, 10/30/2017 21:58:45, 43.359418N, 79.742993W, 11, B04645,, 
839,  1.6,  1.1,  537,  263, 10/30/2017 21:59:01, 43.359392N, 79.742993W, 11, B04646,, 
840,  207, 80.5,  2.4,  2.1, 10/30/2017 22:11:58, 43.362465N, 79.741010W, 11, B04647,, 
841,  145, 84.3,  582,  357, 10/30/2017 22:13:29, 43.362588N, 79.740973W, 11, B04648,, 

Standard Comments
"
"
"
"
"
"

GPS Datum
100
