"ObjectId","Lat","Lon","Alt","name","description","Street Custom","Sign Names String","Support String","Sign Conditions String","Signs Sizes String","Signs Facing String","Signs Heights String","Signs RetroIDs String","Signs Backing String","Sign text","notes","changed","pictureFolder","pictureName","picturePath","created","altitude","accuracy"
2233,43.51016684221304,-79.7499270573935,157.286181640625,"WPT 2233","h1","0","carpoolr","s6","","","n","87","1541","al","","","","2233","2233_2017-11-04 16-58-05.png","/storage/emulated/0/MapIt/Pictures/h1/2233/2233_2017-11-04 16-58-05.png","2017-11-04-16-58-03","157.2862","0.5818"
2232,43.51027289770991,-79.75004046519643,158.2498046875,"WPT 2232","h1","0","uptab uptab carpool go","s4v","ffgv","","nnnn","76 76 91 91","1537 1538 1539 1540","al","","","2017-11-05-23-16-53","2232","2232_2017-11-04 16-55-44.png","/storage/emulated/0/MapIt/Pictures/h1/2232/2232_2017-11-04 16-55-44.png","2017-11-04-16-55-42","158.2498","0.6756"
2231,43.51434190308373,-79.75417109729278,153.07060546875,"WPT 2231","h1","0","deer","s4","f","","n","73","1536","al","","","2017-11-04-16-54-31","2231","2231_2017-11-04 16-53-38.png","/storage/emulated/0/MapIt/Pictures/h1/2231/2231_2017-11-04 16-53-38.png","2017-11-04-16-53-37","153.0706","0.5509"
2230,43.51701734300059,-79.7564705316654,149.157763671875,"WPT 2230","h1","0","n","d4","g","","n","90","1535","al","","","2017-11-04-16-52-19","2230","2230_2017-11-04 16-51-47.png","/storage/emulated/0/MapIt/Pictures/h1/2230/2230_2017-11-04 16-51-47.png","2017-11-04-16-51-45","149.1578","0.6312"
2229,43.51744175927888,-79.75693299204613,148.046923828125,"WPT 2229","h1","0","lightahead","s4","","","n","74","1534","al","","","","2229","2229_2017-11-04 16-50-23.png","/storage/emulated/0/MapIt/Pictures/h1/2229/2229_2017-11-04 16-50-23.png","2017-11-04-16-50-22","148.0469","0.5181"
2228,43.52028923328635,-79.76075631467938,149.715869140625,"WPT 2228","h1","0","ol","ug","","","n","32","1533","al","","","","2228","2228_2017-11-04 16-48-43.png","/storage/emulated/0/MapIt/Pictures/h1/2228/2228_2017-11-04 16-48-43.png","2017-11-04-16-48-41","149.7159","0.6638"
2227,43.525282022354986,-79.76748818285523,149.2361328125,"WPT 2227","h1","0","vehiclesturningahead","s4v","f","","n","73","1532","al","","","2017-11-05-23-17-07","2227","2227_2017-11-04 16-46-09.png","/storage/emulated/0/MapIt/Pictures/h1/2227/2227_2017-11-04 16-46-09.png","2017-11-04-16-46-07","149.2361","0.5604"
2226,43.529078004042276,-79.7725503027632,149.02177734375,"WPT 2226","h1","0","nostopr","s4g","f","","n","","","al","","","","2226","2226_2017-11-04 16-44-40.png","/storage/emulated/0/MapIt/Pictures/h1/2226/2226_2017-11-04 16-44-40.png","2017-11-04-16-44-39","149.0218","0.5584"
2225,43.53282296962789,-79.77763149196835,148.815966796875,"WPT 2225","h1","0","bothdirection stopforbus 2000fine","d6","","","nnn","52 68","1530 1531","w w w","","","","2225","2225_2017-11-04 16-41-58.png","/storage/emulated/0/MapIt/Pictures/h1/2225/2225_2017-11-04 16-41-58.png","2017-11-04-16-41-57","148.816","0.5167"
2224,43.53353267770126,-79.77858353614829,148.619921875,"WPT 2224","h1","0","begintab s80","ul","","","nn","75 86","1528 1529","al","","","","2224","2224_2017-11-04 16-39-29.png","/storage/emulated/0/MapIt/Pictures/h1/2224/2224_2017-11-04 16-39-29.png","2017-11-04-16-39-28","148.6199","0.5668"
2223,43.53461758875437,-79.78007068766965,146.59404296875,"WPT 2223","h1","0","deer noparkr","s4g","","","nn","62","1527","al","","","","2223","2223_2017-11-04 16-38-05.png","/storage/emulated/0/MapIt/Pictures/h1/2223/2223_2017-11-04 16-38-05.png","2017-11-04-16-38-03","146.594","0.6837"
2222,43.53502714555725,-79.78060492006807,147.85234375,"WPT 2222","h1","0","s60 noparklr","tf","gv","","nn","61","1526","al","","","","2222","2222_2017-11-04 16-36-42.png","/storage/emulated/0/MapIt/Pictures/h1/2222/2222_2017-11-04 16-36-42.png","2017-11-04-16-36-41","147.8523","0.5049"
2221,43.535916317198826,-79.78188292483719,151.43681640625,"WPT 2221","h1","0","noparklr","tl","f","","n","","","al","","","","2221","2221_2017-11-04 16-34-23.png","/storage/emulated/0/MapIt/Pictures/h1/2221/2221_2017-11-04 16-34-23.png","2017-11-04-16-34-21","151.4368","0.5126"
2220,43.53629906629703,-79.78231927655725,147.267626953125,"WPT 2220","h1","0","noparkl","lv","","","n","","","al","","","","2220","2220_2017-11-04 16-33-14.png","/storage/emulated/0/MapIt/Pictures/h1/2220/2220_2017-11-04 16-33-14.png","2017-11-04-16-33-13","147.2676","0.52"
2219,43.53657718130671,-79.78273184316458,146.88505859375,"WPT 2219","h1","0","lightahead","s4","f","","","70","1525","al","","","2017-11-04-16-32-57","2219","2219_2017-11-04 16-32-05.png","/storage/emulated/0/MapIt/Pictures/h1/2219/2219_2017-11-04 16-32-05.png","2017-11-04-16-32-04","146.8851","0.5253"
2218,43.537436256094225,-79.78391583978373,142.46904296875,"WPT 2218","h1","0","roadname","s4","g","","n","","","al","","","","2218","2218_2017-11-04 16-31-11.png","/storage/emulated/0/MapIt/Pictures/h1/2218/2218_2017-11-04 16-31-11.png","2017-11-04-16-31-10","142.469","0.5452"
2217,43.537923021635834,-79.78458175029118,144.85380859375,"WPT 2217","h1","0","or gw","uv","","","sn","22 54","1523 1524","al","","","","2217","2217_2017-11-04 16-29-58.png","/storage/emulated/0/MapIt/Pictures/h1/2217/2217_2017-11-04 16-29-58.png","2017-11-04-16-29-56","144.8538","0.5975"
2216,43.53884221244516,-79.78580730380054,141.58134765625,"WPT 2216","h1","0","ol gw","uv","","","nn","22 54","1521 1522","al","","","","2216","2216_2017-11-04 16-28-42.png","/storage/emulated/0/MapIt/Pictures/h1/2216/2216_2017-11-04 16-28-42.png","2017-11-04-16-28-41","141.5813","0.5252"
2215,43.53898111667149,-79.78597620935943,142.322802734375,"WPT 2215","h1","0","s60","s4","","","n","88","1520","al","","","","2215","2215_2017-11-04 16-27-41.png","/storage/emulated/0/MapIt/Pictures/h1/2215/2215_2017-11-04 16-27-41.png","2017-11-04-16-27-40","142.3228","0.5593"
2214,43.539780751318176,-79.78713183656328,146.952685546875,"WPT 2214","h1","0","gw","uv","","","n","49","1519","al","","","","2214","2214_2017-11-04 16-26-38.png","/storage/emulated/0/MapIt/Pictures/h1/2214/2214_2017-11-04 16-26-38.png","2017-11-04-16-26-37","146.9527","0.4845"
2213,43.53975954989892,-79.78712100392477,147.8220703125,"WPT 2213","h1","0","s60","hv","","","n","","","al","","","","2213","2213_2017-11-04 16-26-03.png","/storage/emulated/0/MapIt/Pictures/h1/2213/2213_2017-11-04 16-26-03.png","2017-11-04-16-26-02","147.8221","0.6173"
2212,43.540526745179704,-79.78826631596348,149.606494140625,"WPT 2212","h1","0","centrelaneonly","s6l","","","n","77","1518","al","","","2017-11-04-16-25-25","2212","2212_2017-11-04 16-25-18.png","/storage/emulated/0/MapIt/Pictures/h1/2212/2212_2017-11-04 16-25-18.png","2017-11-04-16-24-21","149.6065","0.4965"
2211,43.54104535877559,-79.78900209964013,146.604296875,"WPT 2211","h1","0","ol gw","ug","","","nn","20 53","1516 1517","al","","","2017-11-04-16-23-54","2211","2211_2017-11-04 16-22-50.png","/storage/emulated/0/MapIt/Pictures/h1/2211/2211_2017-11-04 16-22-50.png","2017-11-04-16-22-49","146.6043","0.5571"
2210,43.54146713227237,-79.7897243590578,149.964892578125,"WPT 2210","h1","0","s","s4g","","","w","83","1515","al","","","","2210","2210_2017-11-04 16-21-37.png","/storage/emulated/0/MapIt/Pictures/h1/2210/2210_2017-11-04 16-21-37.png","2017-11-04-16-21-35","149.9649","0.4989"
2209,43.541667781793876,-79.78995012423547,149.90068359375,"WPT 2209","h1","0","centrelaneonly","s6l","f","","n","72","1514","al","","","","2209","2209_2017-11-04 16-20-13.png","/storage/emulated/0/MapIt/Pictures/h1/2209/2209_2017-11-04 16-20-13.png","2017-11-04-16-20-11","149.9007","0.5014"
2208,43.54279291434614,-79.79141031971085,148.948046875,"WPT 2208","h1","0","centrelaneonly","s6","","","n","73","1513","al","","","","2208","2208_2017-11-04 16-18-54.png","/storage/emulated/0/MapIt/Pictures/h1/2208/2208_2017-11-04 16-18-54.png","2017-11-04-16-18-53","148.948","0.4726"
2207,43.542923032649924,-79.79167940305342,151.12822265625,"WPT 2207","h1","0","s","s4","","","w","81","1512","al","","","","2207","2207_2017-11-04 16-17-54.png","/storage/emulated/0/MapIt/Pictures/h1/2207/2207_2017-11-04 16-17-54.png","2017-11-04-16-17-53","151.1282","0.5756"
2206,43.543160852129404,-79.79195186686229,151.601123046875,"WPT 2206","h1","0","s60k","hv","","","n","84","1511","al","","","","2206","2206_2017-11-04 16-16-48.png","/storage/emulated/0/MapIt/Pictures/h1/2206/2206_2017-11-04 16-16-48.png","2017-11-04-16-16-46","151.6011","0.7523"
2205,43.543697696406525,-79.79257466071249,149.59208984375,"WPT 2205","h1","0","or gw","uv","","","s n","18 52","1509 1510","al","","","2017-11-05-23-03-02","2205","2205_2017-11-04 16-15-13.png","/storage/emulated/0/MapIt/Pictures/h1/2205/2205_2017-11-04 16-15-13.png","2017-11-04-16-15-11","149.5921","0.5191"
2204,43.54474155594744,-79.79392749187718,142.229052734375,"WPT 2204","h1","0","ol","uv","f","","n","28","1508","al","","","2017-11-04-16-14-28","2204","2204_2017-11-04 16-13-45.png","/storage/emulated/0/MapIt/Pictures/h1/2204/2204_2017-11-04 16-13-45.png","2017-11-04-16-13-43","142.2291","0.6011"
2203,43.54831340513829,-79.79884821128871,149.932666015625,"WPT 2203","h1","0","s60k","hv","","","n","","","al","","","","2203","2203_2017-11-04 16-12-38.png","/storage/emulated/0/MapIt/Pictures/h1/2203/2203_2017-11-04 16-12-38.png","2017-11-04-16-12-36","149.9327","0.5701"
2202,43.55062318251203,-79.80201532819046,151.42216796875,"WPT 2202","h1","0","s60k","hv","","","n","77","1507","al","","","","2202","2202_2017-11-04 16-10-54.png","/storage/emulated/0/MapIt/Pictures/h1/2202/2202_2017-11-04 16-10-54.png","2017-11-04-16-10-52","151.4222","0.8064"
2201,43.553551101183984,-79.8060252150608,154.03740234375,"WPT 2201","h1","0","s60b","s4","","","n","82","1506","al","","","","2201","2201_2017-11-04 16-09-12.png","/storage/emulated/0/MapIt/Pictures/h1/2201/2201_2017-11-04 16-09-12.png","2017-11-04-16-09-09","154.0374","0.7568"
2200,43.5559845905309,-79.80934705657273,157.467822265625,"WPT 2200","h1","0","ol","uv","","","n","22","1505","al","","","","2200","2200_2017-11-04 16-07-10.png","/storage/emulated/0/MapIt/Pictures/h1/2200/2200_2017-11-04 16-07-10.png","2017-11-04-16-07-09","157.4678","0.6094"
2199,43.55644921275325,-79.80992983788019,155.898486328125,"WPT 2199","h1","0","cameratab camera","lv","","","nn","","","al","","","","2199","2199_2017-11-04 16-06-22.png","/storage/emulated/0/MapIt/Pictures/h1/2199/2199_2017-11-04 16-06-22.png","2017-11-04-16-06-20","155.8985","0.6305"
2198,43.55687724629479,-79.81053003265515,156.407763671875,"WPT 2198","h1","0","lightahead","lv","","","n","","","al","","","","2198","2198_2017-11-04 16-05-44.png","/storage/emulated/0/MapIt/Pictures/h1/2198/2198_2017-11-04 16-05-44.png","2017-11-04-16-05-42","156.4078","0.518"
2197,43.560483749555715,-79.8152828082275,160.296923828125,"WPT 2197","h1","0","s noexit","s4","","","we","81 88","1503 1504","al","","","","2197","2197_2017-11-04 16-03-17.png","/storage/emulated/0/MapIt/Pictures/h1/2197/2197_2017-11-04 16-03-17.png","2017-11-04-16-03-16","160.2969","0.7065"
2196,43.56066153954362,-79.81549529835684,162.41728515625,"WPT 2196","h1","0","noexit","lv","","","e","","","al","","","","2196","2196_2017-11-04 16-02-34.png","/storage/emulated/0/MapIt/Pictures/h1/2196/2196_2017-11-04 16-02-34.png","2017-11-04-16-02-33","162.4173","0.681"
2195,43.563770458752515,-79.81928031487587,173.08037109375,"WPT 2195","h1","0","icestab ices","lv","","","nn","","","al","","","","2195","2195_2017-11-04 16-01-21.png","/storage/emulated/0/MapIt/Pictures/h1/2195/2195_2017-11-04 16-01-21.png","2017-11-04-16-01-19","173.0804","0.6572"
2194,43.56452879575954,-79.82059774400477,166.292041015625,"WPT 2194","h1","0","ol gw","uv","f","","nn","18 54","1501 1502","al","","","2017-11-04-16-00-42","2194","2194_2017-11-04 15-59-41.png","/storage/emulated/0/MapIt/Pictures/h1/2194/2194_2017-11-04 15-59-41.png","2017-11-04-15-59-40","166.292","0.5149"
2193,43.56511963702724,-79.82153751214173,162.9451171875,"WPT 2193","h1","0","nostopr","lv","","","n","","","al","","","","2193","2193_2017-11-04 15-58-59.png","/storage/emulated/0/MapIt/Pictures/h1/2193/2193_2017-11-04 15-58-59.png","2017-11-04-15-58-58","162.9451","0.5241"
2192,43.565559413408664,-79.82219146657917,159.37138671875,"WPT 2192","h1","0","nostoplr","hv","","","n","","","al","","","","2192","2192_2017-11-04 15-58-29.png","/storage/emulated/0/MapIt/Pictures/h1/2192/2192_2017-11-04 15-58-29.png","2017-11-04-15-58-27","159.3714","0.5328"
2191,43.56593513120151,-79.82271447756102,161.4236328125,"WPT 2191","h1","0","nostoplr centrelaneonly","hv","","","nn","","","al","","","","2191","2191_2017-11-04 15-58-00.png","/storage/emulated/0/MapIt/Pictures/h1/2191/2191_2017-11-04 15-58-00.png","2017-11-04-15-57-58","161.4236","0.5439"
2190,43.56635034433293,-79.82328232307555,162.12333984375,"WPT 2190","h1","0","nostoplr","hv","","","n","","","al","","","","2190","2190_2017-11-04 15-57-24.png","/storage/emulated/0/MapIt/Pictures/h1/2190/2190_2017-11-04 15-57-24.png","2017-11-04-15-57-21","162.1233","0.5316"
2189,43.56670130253224,-79.82379972729541,162.531787109375,"WPT 2189","h1","0","nostoplr centrelaneonly","hv","","","nn","","","al","","","","2189","2189_2017-11-04 15-56-42.png","/storage/emulated/0/MapIt/Pictures/h1/2189/2189_2017-11-04 15-56-42.png","2017-11-04-15-56-40","162.5318","0.5393"
2188,43.567001724719375,-79.82417722187529,162.093310546875,"WPT 2188","h1","0","s70","hv","","","n","82","1500","al","","","","2188","2188_2017-11-04 15-55-34.png","/storage/emulated/0/MapIt/Pictures/h1/2188/2188_2017-11-04 15-55-34.png","2017-11-04-15-55-31","162.0933","0.4782"
2187,43.567120937053005,-79.82439133521439,162.469287109375,"WPT 2187","h1","0","s","s4","","","n","84","1499","al","","","","2187","2187_2017-11-04 15-54-35.png","/storage/emulated/0/MapIt/Pictures/h1/2187/2187_2017-11-04 15-54-35.png","2017-11-04-15-54-33","162.4693","0.5494"
2186,43.56734804935422,-79.82466287175521,162.22392578125,"WPT 2186","h1","0","","","","","","","","al","","","","2186","2186_2017-11-04 15-54-13.png","/storage/emulated/0/MapIt/Pictures/h1/2186/2186_2017-11-04 15-54-13.png","2017-11-04-15-54-12","162.2239","0.5861"
2185,43.56754295892188,-79.82492034336974,162.235888671875,"WPT 2185","h1","0","nostoplr","hv","","","n","","","al","","","","2185","2185_2017-11-04 15-53-45.png","/storage/emulated/0/MapIt/Pictures/h1/2185/2185_2017-11-04 15-53-45.png","2017-11-04-15-53-44","162.2359","0.5753"
2184,43.567823108540324,-79.82526260567829,162.118212890625,"WPT 2184","h1","0","n","s4","","","n","","","al","","","","2184","2184_2017-11-04 15-53-12.png","/storage/emulated/0/MapIt/Pictures/h1/2184/2184_2017-11-04 15-53-12.png","2017-11-04-15-53-11","162.1182","0.521"
2183,43.567813045959156,-79.82522283152139,161.788134765625,"WPT 2183","h1","0","","","","","","","","al","","","","2183","2183_2017-11-04 15-53-04.png","/storage/emulated/0/MapIt/Pictures/h1/2183/2183_2017-11-04 15-53-04.png","2017-11-04-15-53-02","161.7881","0.6254"
2182,43.56807003489939,-79.82556083459167,162.547412109375,"WPT 2182","h1","0","nostoplr","tg","","","n","","","al","","","","2182","2182_2017-11-04 15-52-19.png","/storage/emulated/0/MapIt/Pictures/h1/2182/2182_2017-11-04 15-52-19.png","2017-11-04-15-52-17","162.5474","0.5871"
2181,43.56835943550686,-79.82595599363776,160.982470703125,"WPT 2181","h1","0","nostopl","uv","","","n","92","1498","al","","","","2181","2181_2017-11-04 15-51-08.png","/storage/emulated/0/MapIt/Pictures/h1/2181/2181_2017-11-04 15-51-08.png","2017-11-04-15-51-06","160.9825","0.5331"
2180,43.56865530752566,-79.82634166421303,160.37431640625,"WPT 2180","h1","0","begintab s70","tv","","","nn","73 81","1496 1497","al","","","","2180","2180_2017-11-04 15-49-23.png","/storage/emulated/0/MapIt/Pictures/h1/2180/2180_2017-11-04 15-49-23.png","2017-11-04-15-49-21","160.3743","0.5372"
2179,43.568773666253946,-79.82653234033205,161.068408203125,"WPT 2179","h1","0","intersectleft","s4","","","w","75","1495","al","","","","2179","2179_2017-11-04 15-47-59.png","/storage/emulated/0/MapIt/Pictures/h1/2179/2179_2017-11-04 15-47-59.png","2017-11-04-15-47-58","161.0684","0.4475"
2178,43.569103155454286,-79.82694568565239,161.560595703125,"WPT 2178","h1","0","hwy3","uv","","","n","80","1494","al","","","","2178","2178_2017-11-04 15-46-32.png","/storage/emulated/0/MapIt/Pictures/h1/2178/2178_2017-11-04 15-46-32.png","2017-11-04-15-46-30","161.5606","0.4816"
2177,43.569205366082315,-79.82717065757788,161.27861328125,"WPT 2177","h1","0","nolit500 noenter owl owr","s6","l","","wens","27 66","1492 1493","al al w w","","","2017-11-04-15-45-34","2177","2177_2017-11-04 15-44-20.png","/storage/emulated/0/MapIt/Pictures/h1/2177/2177_2017-11-04 15-44-20.png","2017-11-04-15-44-19","161.2786","0.6256"
2176,43.56914298018455,-79.82740930490763,161.67314453125,"WPT 2176","h1","0","noenter","s4","","","e","71","1491","al","","","","2176","2176_2017-11-04 15-42-51.png","/storage/emulated/0/MapIt/Pictures/h1/2176/2176_2017-11-04 15-42-51.png","2017-11-04-15-42-49","161.6731","0.5114"
2175,43.569217826974636,-79.82751394879779,160.829150390625,"WPT 2175","h1","0","noenter warn","uv","","d 12","s","67","1490","al","","","2017-11-04-15-44-18","2175","2175_2017-11-04 15-43-30.png","/storage/emulated/0/MapIt/Pictures/h1/2175/2175_2017-11-04 15-43-30.png","2017-11-04-15-41-21","160.8292","0.4949"
2174,43.56936355186281,-79.82732250756271,161.55791015625,"WPT 2174","h1","0","noenter owr onl","s6","","","ssn","70","1489","al w w","","","","2174","2174_2017-11-04 15-39-47.png","/storage/emulated/0/MapIt/Pictures/h1/2174/2174_2017-11-04 15-39-47.png","2017-11-04-15-39-45","161.5579","0.5732"
2173,43.56938001362414,-79.8273471860175,161.588427734375,"WPT 2173","h1","0","nolit500","sv","","","w","75","1488","al","","","","2173","2173_2017-11-04 15-38-52.png","/storage/emulated/0/MapIt/Pictures/h1/2173/2173_2017-11-04 15-38-52.png","2017-11-04-15-38-50","161.5884","0.5603"
2172,43.569484473346165,-79.82708292321877,161.09013671875,"WPT 2172","h1","0","carpoolleft","s4","","","w","62","1487","w","","","2017-11-04-15-33-25","2172","2172_2017-11-04 15-32-24.png","/storage/emulated/0/MapIt/Pictures/h1/2172/2172_2017-11-04 15-32-24.png","2017-11-04-15-32-21","161.0901","0.7504"
2171,43.569397465283146,-79.82698655754575,161.6423828125,"WPT 2171","h1","0","roadname roadname roadname roadname","s6","vffg","","wwww","49 63 74 88","1483 1484 1485 1486","w w w w","","","2017-11-04-15-32-20","2171","2171_2017-11-04 15-29-44.png","/storage/emulated/0/MapIt/Pictures/h1/2171/2171_2017-11-04 15-29-44.png","2017-11-04-15-29-42","161.6424","0.6757"
2170,43.569174248980744,-79.82666332631561,157.188037109375,"WPT 2170","h1","0","s60","uv","","","s","","","al","","","","2170","2170_2017-11-04 15-28-51.png","/storage/emulated/0/MapIt/Pictures/h1/2170/2170_2017-11-04 15-28-51.png","2017-11-04-15-28-49","157.188","0.6642"
2169,43.56902227466162,-79.82647996711421,156.79228515625,"WPT 2169","h1","0","or","uv","","","n","6","1482","al","","","","2169","2169_2017-11-04 15-27-40.png","/storage/emulated/0/MapIt/Pictures/h1/2169/2169_2017-11-04 15-27-40.png","2017-11-04-15-27-38","156.7923","0.5917"
2168,43.5687820080102,-79.82618226469094,159.381884765625,"WPT 2168","h1","0","or","uv","","","n","60","1481","al","","","","2168","2168_2017-11-04 15-26-31.png","/storage/emulated/0/MapIt/Pictures/h1/2168/2168_2017-11-04 15-26-31.png","2017-11-04-15-26-29","159.3819","0.5275"
2167,43.5686104477827,-79.82594219051498,158.421923828125,"WPT 2167","h1","0","ol","uv","","","s","60","1480","al","","","","2167","2167_2017-11-04 15-25-33.png","/storage/emulated/0/MapIt/Pictures/h1/2167/2167_2017-11-04 15-25-33.png","2017-11-04-15-25-31","158.4219","0.4348"
2166,43.56855243714017,-79.82585869251852,160.22783203125,"WPT 2166","h1","0","nostopr","uv","p","20","s","86","1479","al","","","2017-11-04-15-25-28","2166","2166_2017-11-04 15-24-36.png","/storage/emulated/0/MapIt/Pictures/h1/2166/2166_2017-11-04 15-24-36.png","2017-11-04-15-24-35","160.2278","0.5103"
2165,43.56852297374553,-79.82579562969295,160.221240234375,"WPT 2165","h1","0","s60b","uv","","","s","72","1478","al","","","","2165","2165_2017-11-04 15-23-40.png","/storage/emulated/0/MapIt/Pictures/h1/2165/2165_2017-11-04 15-23-40.png","2017-11-04-15-23-38","160.2212","0.494"
2164,43.5682979281828,-79.82546953504789,155.901904296875,"WPT 2164","h1","0","nostoplr s70","lv","","","ss","","","al","","","","2164","2164_2017-11-04 15-22-38.png","/storage/emulated/0/MapIt/Pictures/h1/2164/2164_2017-11-04 15-22-38.png","2017-11-04-15-22-36","155.9019","0.5265"
2163,43.5680645436687,-79.82511206896379,160.8572265625,"WPT 2163","h1","0","nostoplr","lv","","","s","","","al","","","","2163","2163_2017-11-04 15-22-08.png","/storage/emulated/0/MapIt/Pictures/h1/2163/2163_2017-11-04 15-22-08.png","2017-11-04-15-22-06","160.8572","0.4798"
2162,43.56782747987927,-79.824863956419,160.097705078125,"WPT 2162","h1","0","roadname","d6","","","s","84","1477","w","","","2017-11-04-15-21-40","2162","2162_2017-11-04 15-20-52.png","/storage/emulated/0/MapIt/Pictures/h1/2162/2162_2017-11-04 15-20-52.png","2017-11-04-15-20-50","160.0977","0.5091"
2161,43.56778550454328,-79.8247620066868,156.177783203125,"WPT 2161","h1","0","nostoplr s70","lv","","","ss","","","al","","","","2161","2161_2017-11-04 15-20-22.png","/storage/emulated/0/MapIt/Pictures/h1/2161/2161_2017-11-04 15-20-22.png","2017-11-04-15-20-20","156.1778","0.4834"
2160,43.56749084877356,-79.82438133739743,161.02666015625,"WPT 2160","h1","0","nostoplr","lv","","","s","","","al","","","","2160","2160_2017-11-04 15-19-39.png","/storage/emulated/0/MapIt/Pictures/h1/2160/2160_2017-11-04 15-19-39.png","2017-11-04-15-19-37","161.0267","0.5025"
2159,43.56748648312987,-79.8241607390155,161.7185546875,"WPT 2159","h1","0","s noexit","lv","","","ew","","","al","","","","2159","2159_2017-11-04 15-18-57.png","/storage/emulated/0/MapIt/Pictures/h1/2159/2159_2017-11-04 15-18-57.png","2017-11-04-15-18-55","161.7186","0.5434"
2158,43.56727285186753,-79.82402682562133,160.773486328125,"WPT 2158","h1","0","noexit nostoplr","lv","","","ww","","","al","","","","2158","2158_2017-11-04 15-18-24.png","/storage/emulated/0/MapIt/Pictures/h1/2158/2158_2017-11-04 15-18-24.png","2017-11-04-15-18-21","160.7735","0.6828"
2157,43.567240920795484,-79.82398482863391,161.08330078125,"WPT 2157","h1","0","n n","2v","","","nw","","","al","","","","2157","2157_2017-11-04 15-18-09.png","/storage/emulated/0/MapIt/Pictures/h1/2157/2157_2017-11-04 15-18-09.png","2017-11-04-15-18-07","161.0833","0.4995"
2156,43.56696459476224,-79.82359506189822,162.8748046875,"WPT 2156","h1","0","","","","","","","","al","","","","2156","2156_2017-11-04 15-17-28.png","/storage/emulated/0/MapIt/Pictures/h1/2156/2156_2017-11-04 15-17-28.png","2017-11-04-15-17-26","162.8748","1.0026"
2155,43.566679659493275,-79.82333692654174,154.702685546875,"WPT 2155","h1","0","","","","","","","","al","","","","2155","2155_2017-11-04 15-17-03.png","/storage/emulated/0/MapIt/Pictures/h1/2155/2155_2017-11-04 15-17-03.png","2017-11-04-15-17-00","154.7027","1.4026"
2154,43.56638279381332,-79.8228734477234,161.8552734375,"WPT 2154","h1","0","nostoplr","lv","","","s","","","al","","","","2154","2154_2017-11-04 15-16-27.png","/storage/emulated/0/MapIt/Pictures/h1/2154/2154_2017-11-04 15-16-27.png","2017-11-04-15-16-25","161.8553","0.6025"
2153,43.56638366662628,-79.82285692625373,162.191455078125,"WPT 2153","h1","0","intersectionright","wv","","","s","","","al","","","","2153","2153_2017-11-04 15-16-03.png","/storage/emulated/0/MapIt/Pictures/h1/2153/2153_2017-11-04 15-16-03.png","2017-11-04-15-16-02","162.1915","0.9268"
2152,43.566139082080554,-79.82255523048661,162.928515625,"WPT 2152","h1","0","nostoplr uptabgreen to401 n","lv","","","ssss","","","al","","","","2152","2152_2017-11-04 15-14-51.png","/storage/emulated/0/MapIt/Pictures/h1/2152/2152_2017-11-04 15-14-51.png","2017-11-04-15-14-49","162.9285","0.6372"
2151,43.56582649197662,-79.82217421768655,160.523486328125,"WPT 2151","h1","0","nostoplr","lv","","","s","","","al","","","","2151","2151_2017-11-04 15-14-18.png","/storage/emulated/0/MapIt/Pictures/h1/2151/2151_2017-11-04 15-14-18.png","2017-11-04-15-14-15","160.5235","0.6243"
2150,43.56528554864326,-79.8213485799206,160.175341796875,"WPT 2150","h1","0","nostopl centrelaneonly","lv","","","s","","","al","","","","2150","2150_2017-11-04 15-13-26.png","/storage/emulated/0/MapIt/Pictures/h1/2150/2150_2017-11-04 15-13-26.png","2017-11-04-15-13-24","160.1753","0.7319"
2149,43.56474552691543,-79.8205274873635,158.02470703125,"WPT 2149","h1","0","or","uv","","","n","22","1476","al","","","","2149","2149_2017-11-04 15-12-23.png","/storage/emulated/0/MapIt/Pictures/h1/2149/2149_2017-11-04 15-12-23.png","2017-11-04-15-12-21","158.0247","0.5334"
2148,43.562501287562554,-79.81716665037675,168.09794921875,"WPT 2148","h1","0","icestab ices","lv","","","ss","84","1475","al","","","","2148","2148_2017-11-04 15-09-44.png","/storage/emulated/0/MapIt/Pictures/h1/2148/2148_2017-11-04 15-09-44.png","2017-11-04-15-09-43","168.0979","0.7721"
2147,43.56147124859854,-79.81610806541539,162.6326171875,"WPT 2147","h1","0","or mr","2v","","","nn","44 88","1473 1474","al","","","","2147","2147_2017-11-04 15-07-16.png","/storage/emulated/0/MapIt/Pictures/h1/2147/2147_2017-11-04 15-07-16.png","2017-11-04-15-07-14","162.6326","0.4928"
2146,43.56165762976525,-79.81612986813161,162.31669921875,"WPT 2146","h1","0","ol","uv","","","s","18","1472","al","","","","2146","2146_2017-11-04 15-06-18.png","/storage/emulated/0/MapIt/Pictures/h1/2146/2146_2017-11-04 15-06-18.png","2017-11-04-15-06-16","162.3167","0.4713"
2145,43.5615271248671,-79.81593527898622,162.849658203125,"WPT 2145","h1","0","s70","lv","","","s","92","1471","al","","","","2145","2145_2017-11-04 15-05-06.png","/storage/emulated/0/MapIt/Pictures/h1/2145/2145_2017-11-04 15-05-06.png","2017-11-04-15-05-04","162.8497","0.6901"
2144,43.56000397873049,-79.8144439953885,158.622119140625,"WPT 2144","h1","0","or mr","tv","","","ss","41 72","1469 1470","al","","","","2144","2144_2017-11-04 15-02-13.png","/storage/emulated/0/MapIt/Pictures/h1/2144/2144_2017-11-04 15-02-13.png","2017-11-04-15-02-10","158.6221","0.4835"
2143,43.560532894209246,-79.8150602736714,160.27373046875,"WPT 2143","h1","0","or or mr","tv","vvg","","enn","8 42 80","1466 1467 1478","al","","","","2143","2143_2017-11-04 14-59-52.png","/storage/emulated/0/MapIt/Pictures/h1/2143/2143_2017-11-04 14-59-52.png","2017-11-04-14-59-51","160.2737","0.5354"
2142,43.560813413939286,-79.81532968585088,160.1970703125,"WPT 2142","h1","0","or mr","tv","","","ss","37 72","1464 1465","al","","","","2142","2142_2017-11-04 14-58-16.png","/storage/emulated/0/MapIt/Pictures/h1/2142/2142_2017-11-04 14-58-16.png","2017-11-04-14-58-15","160.1971","0.556"
2141,43.56082896207863,-79.81516583062694,159.656298828125,"WPT 2141","h1","0","s","wv","","","e","","","al","","","","2141","2141_2017-11-04 14-57-20.png","/storage/emulated/0/MapIt/Pictures/h1/2141/2141_2017-11-04 14-57-20.png","2017-11-04-14-57-18","159.6563","0.7132"
2140,43.560854470744744,-79.8151662547225,160.454150390625,"WPT 2140","h1","0","ol","lv","","","s","47","1463","al","","","","2140","2140_2017-11-04 14-56-41.png","/storage/emulated/0/MapIt/Pictures/h1/2140/2140_2017-11-04 14-56-41.png","2017-11-04-14-56-39","160.4542","0.5452"
2139,43.55468097637731,-79.80736985120711,155.542041015625,"WPT 2139","h1","0","or mr","tv","","","ss","47 80","1461 1462","al","","","","2139","2139_2017-11-04 14-51-41.png","/storage/emulated/0/MapIt/Pictures/h1/2139/2139_2017-11-04 14-51-41.png","2017-11-04-14-51-39","155.542","0.7876"
2138,43.55507063806817,-79.80791114097883,154.941943359375,"WPT 2138","h1","0","or mr","sv","ll","","nn","24 61","1459 1460","al","","","","2138","2138_2017-11-04 14-50-10.png","/storage/emulated/0/MapIt/Pictures/h1/2138/2138_2017-11-04 14-50-10.png","2017-11-04-14-50-09","154.9419","0.6768"
2137,43.55481446912199,-79.80860203013071,154.97392578125,"WPT 2137","h1","0","or mr","tg","p","","ww","48 80","1457 1458","al","","","","2137","2137_2017-11-04 14-48-05.png","/storage/emulated/0/MapIt/Pictures/h1/2137/2137_2017-11-04 14-48-05.png","2017-11-04-14-48-04","154.9739","0.8231"
2136,43.5550952946096,-79.80832715466204,155.322314453125,"WPT 2136","h1","0","or mr","sv","","","ee","24 60","1455 1456","al","","","","2136","2136_2017-11-04 14-46-44.png","/storage/emulated/0/MapIt/Pictures/h1/2136/2136_2017-11-04 14-46-44.png","2017-11-04-14-46-42","155.3223","0.6449"
2135,43.55515641083366,-79.80841776827947,154.717822265625,"WPT 2135","h1","0","n","mv","","","e","","","al","","","","2135","2135_2017-11-04 14-46-16.png","/storage/emulated/0/MapIt/Pictures/h1/2135/2135_2017-11-04 14-46-16.png","2017-11-04-14-46-14","154.7178","0.6437"
2134,43.55519265201383,-79.80839619714425,156.637744140625,"WPT 2134","h1","0","pushtocross","sv","","","e","48","1454","al","","","","2134","2134_2017-11-04 14-45-28.png","/storage/emulated/0/MapIt/Pictures/h1/2134/2134_2017-11-04 14-45-28.png","2017-11-04-14-45-26","156.6377","0.6226"
2133,43.555259692475374,-79.80841215667351,155.119921875,"WPT 2133","h1","0","pushtocross","sv","","","s","47","1453","al","","","","2133","2133_2017-11-04 14-44-35.png","/storage/emulated/0/MapIt/Pictures/h1/2133/2133_2017-11-04 14-44-35.png","2017-11-04-14-44-33","155.1199","0.8009"
2132,43.5552679327393,-79.80841231685008,155.05693359375,"WPT 2132","h1","0","or","uv","","","s","18","1452","al","","","","2132","2132_2017-11-04 14-43-55.png","/storage/emulated/0/MapIt/Pictures/h1/2132/2132_2017-11-04 14-43-55.png","2017-11-04-14-43-54","155.0569","0.659"
2131,43.555825786733294,-79.80886287477551,155.42802734375,"WPT 2131","h1","0","or mr","2v","","","nn","11 55","1450 1451","al","","","","2131","2131_2017-11-04 14-41-52.png","/storage/emulated/0/MapIt/Pictures/h1/2131/2131_2017-11-04 14-41-52.png","2017-11-04-14-41-51","155.428","0.6019"
2130,43.55566689164425,-79.80847401156825,155.2849609375,"WPT 2130","h1","0","s70","lv","","","s","78","1449","al","","","","2130","2130_2017-11-04 14-40-51.png","/storage/emulated/0/MapIt/Pictures/h1/2130/2130_2017-11-04 14-40-51.png","2017-11-04-14-40-50","155.285","0.509"
2129,43.55539698825942,-79.80829336033275,156.007373046875,"WPT 2129","h1","0","or mr","sv","","","ss","24 60","1447 1448","al","","","2017-11-04-14-39-59","2129","2129_2017-11-04 14-39-29.png","/storage/emulated/0/MapIt/Pictures/h1/2129/2129_2017-11-04 14-39-29.png","2017-11-04-14-39-28","156.0074","0.6496"
2128,43.55547263240442,-79.80819653887556,155.172900390625,"WPT 2128","h1","0","n","mv","","","s","","","al","","","","2128","2128_2017-11-04 14-39-03.png","/storage/emulated/0/MapIt/Pictures/h1/2128/2128_2017-11-04 14-39-03.png","2017-11-04-14-39-01","155.1729","0.5688"
2127,43.55547775786181,-79.80812537817474,156.156787109375,"WPT 2127","h1","0","pushtocross","sv","","","s","48","1446","al","","","","2127","2127_2017-11-04 14-38-23.png","/storage/emulated/0/MapIt/Pictures/h1/2127/2127_2017-11-04 14-38-23.png","2017-11-04-14-38-21","156.1568","0.5633"
2126,43.55548438375081,-79.80805182955737,156.17021484375,"WPT 2126","h1","0","pushtocross","sv","","","w","47","1445","al","","","","2126","2126_2017-11-04 14-37-39.png","/storage/emulated/0/MapIt/Pictures/h1/2126/2126_2017-11-04 14-37-39.png","2017-11-04-14-37-37","156.1702","0.5469"
2125,43.55552396794519,-79.80777726326232,155.870654296875,"WPT 2125","h1","0","or mr","tv","","","ee","44 74","1443 1444","al","","","","2125","2125_2017-11-04 14-36-26.png","/storage/emulated/0/MapIt/Pictures/h1/2125/2125_2017-11-04 14-36-26.png","2017-11-04-14-36-23","155.8707","0.5577"
2124,43.555374519758516,-79.80791627996769,155.864794921875,"WPT 2124","h1","0","or mr","sv","","","ww","28 62","1441 1442","al","","","","2124","2124_2017-11-04 14-35-18.png","/storage/emulated/0/MapIt/Pictures/h1/2124/2124_2017-11-04 14-35-18.png","2017-11-04-14-35-16","155.8648","0.5644"
2123,43.55532484852574,-79.80783194217838,155.930224609375,"WPT 2123","h1","0","n","mv","","","w","","","al","","","","2123","2123_2017-11-04 14-34-54.png","/storage/emulated/0/MapIt/Pictures/h1/2123/2123_2017-11-04 14-34-54.png","2017-11-04-14-34-52","155.9302","0.5725"
2122,43.555273681373365,-79.80784438935916,156.12431640625,"WPT 2122","h1","0","pedinfo","sv","","","w","44","1440","al","","","","2122","2122_2017-11-04 14-34-11.png","/storage/emulated/0/MapIt/Pictures/h1/2122/2122_2017-11-04 14-34-11.png","2017-11-04-14-34-09","156.1243","0.4996"
2121,43.55521212470103,-79.80784158672031,155.6853515625,"WPT 2121","h1","0","pedinfo","sv","","","n","44","1439","al","","","","2121","2121_2017-11-04 14-33-21.png","/storage/emulated/0/MapIt/Pictures/h1/2121/2121_2017-11-04 14-33-21.png","2017-11-04-14-33-20","155.6854","0.8092"
2120,43.55367370239401,-79.8057499191491,153.533740234375,"WPT 2120","h1","0","s60k","wv","","","s","77","1438","al","","","","2120","2120_2017-11-04 14-31-18.png","/storage/emulated/0/MapIt/Pictures/h1/2120/2120_2017-11-04 14-31-18.png","2017-11-04-14-31-16","153.5337","0.5116"
2119,43.553093184615136,-79.80495057965891,153.09697265625,"WPT 2119","h1","0","lightahead","wv","f","","s","78","1437","al","","","","2119","2119_2017-11-04 14-30-03.png","/storage/emulated/0/MapIt/Pictures/h1/2119/2119_2017-11-04 14-30-03.png","2017-11-04-14-30-01","153.097","0.8229"
2118,43.55246308297683,-79.80407751867642,154.49736328125,"WPT 2118","h1","0","s60k","wv","l","","s","70","1436","w","","","2017-11-04-14-29-28","2118","2118_2017-11-04 14-28-32.png","/storage/emulated/0/MapIt/Pictures/h1/2118/2118_2017-11-04 14-28-32.png","2017-11-04-14-28-31","154.4974","0.5645"
2117,43.54846902529516,-79.79863604096317,152.465380859375,"WPT 2117","h1","0","s60k","hv","","","s","91","1435","al","","","2017-11-04-14-26-25","2117","2117_2017-11-04 14-25-56.png","/storage/emulated/0/MapIt/Pictures/h1/2117/2117_2017-11-04 14-25-56.png","2017-11-04-14-25-55","152.4654","1.6334"
2116,43.54300285457066,-79.79126834199087,148.717333984375,"WPT 2116","h1","0","centrelaneonly","wg","","","s","76","1434","al","","","","2116","2116_2017-11-04 14-23-49.png","/storage/emulated/0/MapIt/Pictures/h1/2116/2116_2017-11-04 14-23-49.png","2017-11-04-14-23-47","148.7173","0.5754"
2115,43.541827053021734,-79.78965523621628,151.858447265625,"WPT 2115","h1","0","centrelaneonly","wl","","","s","69","1433","al","","","","2115","2115_2017-11-04 14-22-16.png","/storage/emulated/0/MapIt/Pictures/h1/2115/2115_2017-11-04 14-22-16.png","2017-11-04-14-22-14","151.8584","0.7288"
2114,43.540742243728346,-79.78813598735178,145.811328125,"WPT 2114","h1","0","centrelaneonly","wv","","","s","72","1432","al","","","","2114","2114_2017-11-04 14-20-38.png","/storage/emulated/0/MapIt/Pictures/h1/2114/2114_2017-11-04 14-20-38.png","2017-11-04-14-20-36","145.8113","0.8306"
2113,43.53643519066827,-79.78210803311049,146.498583984375,"WPT 2113","h1","0","noparkr","tg","","","s","","","al","","","2017-11-05-23-14-34","2113","2113_2017-11-04 14-19-18.png","/storage/emulated/0/MapIt/Pictures/h1/2113/2113_2017-11-04 14-19-18.png","2017-11-04-14-19-16","146.4986","0.5347"
2112,43.53613297578613,-79.78172659025222,150.60869140625,"WPT 2112","h1","0","s60 noparklr","tg","","","ss","80","1431","al","","","","2112","2112_2017-11-04 14-17-45.png","/storage/emulated/0/MapIt/Pictures/h1/2112/2112_2017-11-04 14-17-45.png","2017-11-04-14-17-44","150.6087","0.5425"
2111,43.53525853217798,-79.78073135372506,149.77568359375,"WPT 2111","h1","0","or mr","","2v","","ss","24 64","1429 1430","al","","","","2111","2111_2017-11-04 14-15-07.png","/storage/emulated/0/MapIt/Pictures/h1/2111/2111_2017-11-04 14-15-07.png","2017-11-04-14-15-05","149.7757","0.6447"
2110,43.535411906824265,-79.78099458056204,149.537158203125,"WPT 2110","h1","0","or mr","sv","","","nn","36 70","1427 1428","al","","","","2110","2110_2017-11-04 14-13-59.png","/storage/emulated/0/MapIt/Pictures/h1/2110/2110_2017-11-04 14-13-59.png","2017-11-04-14-13-56","149.5372","0.5379"
2109,43.53533474455162,-79.78109365016098,148.834765625,"WPT 2109","h1","0","n","mv","","","n","","","al","","","","2109","2109_2017-11-04 14-13-28.png","/storage/emulated/0/MapIt/Pictures/h1/2109/2109_2017-11-04 14-13-28.png","2017-11-04-14-13-26","148.8348","0.4949"
2108,43.53531330416354,-79.78109837150623,148.909716796875,"WPT 2108","h1","0","n n","2v","","","nw","","","al","","","","2108","2108_2017-11-04 14-13-08.png","/storage/emulated/0/MapIt/Pictures/h1/2108/2108_2017-11-04 14-13-08.png","2017-11-04-14-13-06","148.9097","0.5109"
2107,43.53541455657887,-79.78129266949145,150.21123046875,"WPT 2107","h1","0","or mr","sv","pg","","ee","24 60","1425 1426","al","","","2017-11-04-14-12-48","2107","2107_2017-11-04 14-11-45.png","/storage/emulated/0/MapIt/Pictures/h1/2107/2107_2017-11-04 14-11-45.png","2017-11-04-14-11-43","150.2112","0.5851"
2106,43.53546822271346,-79.78140396746858,149.3005859375,"WPT 2106","h1","0","60mtab rightlaneends n","sv sv mv","","","eee","80","1424","al","","","","2106","2106_2017-11-04 14-10-32.png","/storage/emulated/0/MapIt/Pictures/h1/2106/2106_2017-11-04 14-10-32.png","2017-11-04-14-10-31","149.3006","0.5482"
2105,43.53562916598821,-79.78147802139938,148.5642578125,"WPT 2105","h1","0","nostoplr","hv","","20","n","","","al","","","","2105","2105_2017-11-04 14-10-00.png","/storage/emulated/0/MapIt/Pictures/h1/2105/2105_2017-11-04 14-10-00.png","2017-11-04-14-09-58","148.5643","0.8794"
2104,43.53584032298568,-79.78147617574177,149.7966796875,"WPT 2104","h1","0","or mr","2v","","","nn","24 60","1422 1423","al","","","","2104","2104_2017-11-04 14-08-51.png","/storage/emulated/0/MapIt/Pictures/h1/2104/2104_2017-11-04 14-08-51.png","2017-11-04-14-08-49","149.7967","0.5072"
2103,43.535758582528615,-79.78137410450472,148.031298828125,"WPT 2103","h1","0","owr","tf","p","","w","","","al","","","2017-11-05-23-14-04","2103","2103_2017-11-04 14-08-22.png","/storage/emulated/0/MapIt/Pictures/h1/2103/2103_2017-11-04 14-08-22.png","2017-11-04-14-08-20","148.0313","0.5057"
2102,43.535684748884705,-79.78124606928031,149.6091796875,"WPT 2102","h1","0","or mr","sv","fg","","ss","34 70","1420 1421","al","","","","2102","2102_2017-11-04 14-07-12.png","/storage/emulated/0/MapIt/Pictures/h1/2102/2102_2017-11-04 14-07-12.png","2017-11-04-14-07-10","149.6092","0.4672"
2101,43.53576394554875,-79.78119663536745,149.577685546875,"WPT 2101","h1","0","n","mv","","","s","","","al","","","","2101","2101_2017-11-04 14-06-47.png","/storage/emulated/0/MapIt/Pictures/h1/2101/2101_2017-11-04 14-06-47.png","2017-11-04-14-06-45","149.5777","0.508"
2100,43.535772777700004,-79.78111799722319,149.371875,"WPT 2100","h1","0","pushtocross pedinfo","sv","lp","","ss","42 54","1418","al","","","","2100","2100_2017-11-04 14-05-37.png","/storage/emulated/0/MapIt/Pictures/h1/2100/2100_2017-11-04 14-05-37.png","2017-11-04-14-05-36","149.3719","0.5907"
2099,43.535667396465215,-79.78094398241956,149.660693359375,"WPT 2099","h1","0","or mr","sv","","","ww","41 80","1416 1417","al","","","","2099","2099_2017-11-04 14-04-31.png","/storage/emulated/0/MapIt/Pictures/h1/2099/2099_2017-11-04 14-04-31.png","2017-11-04-14-04-29","149.6607","0.5299"
2098,43.53560156455478,-79.78084601194314,149.918017578125,"WPT 2098","h1","0","80mtab rightlaneends n","sv sv mv","ff","","www","80","1415","al","","","","2098","2098_2017-11-04 14-02-59.png","/storage/emulated/0/MapIt/Pictures/h1/2098/2098_2017-11-04 14-02-59.png","2017-11-04-14-02-58","149.918","0.5501"
2097,43.5355354236799,-79.7808462326957,149.829150390625,"WPT 2097","h1","0","pushtocross pedinfo","sv","","","nn","44 57","1413 1414","al","","","","2097","2097_2017-11-04 14-01-45.png","/storage/emulated/0/MapIt/Pictures/h1/2097/2097_2017-11-04 14-01-45.png","2017-11-04-14-01-43","149.8292","0.6101"
2096,43.53486156043073,-79.77997828451953,151.6326171875,"WPT 2096","h1","0","noparklr","lv","p","","","82","1412","al","","","","2096","2096_2017-11-04 14-00-00.png","/storage/emulated/0/MapIt/Pictures/h1/2096/2096_2017-11-04 14-00-00.png","2017-11-04-13-59-58","151.6326","0.5193"
2095,43.53454329188935,-79.77951420639147,149.037158203125,"WPT 2095","h1","0","lightahead","wf","","","s","73","1411","al","","","","2095","2095_2017-11-04 13-58-44.png","/storage/emulated/0/MapIt/Pictures/h1/2095/2095_2017-11-04 13-58-44.png","2017-11-04-13-58-42","149.0372","0.5242"
2094,43.533656123859146,-79.77837341868144,149.8884765625,"WPT 2094","h1","0","s60b","wv","f","","s","62","1410","al","","","2017-11-04-13-57-44","2094","2094_2017-11-04 13-57-14.png","/storage/emulated/0/MapIt/Pictures/h1/2094/2094_2017-11-04 13-57-14.png","2017-11-04-13-57-13","149.8885","0.5035"
2093,43.53205899782097,-79.77618670137781,144.70146484375,"WPT 2093","h1","0","s60ahead","uv","","","s","70","1409","al","","","","2093","2093_2017-11-04 13-55-41.png","/storage/emulated/0/MapIt/Pictures/h1/2093/2093_2017-11-04 13-55-41.png","2017-11-04-13-55-40","144.7015","0.5808"
2092,43.53154871831248,-79.77551494714317,144.5955078125,"WPT 2092","h1","0","ol","uv","","","s","22","1408","al","","","","2092","2092_2017-11-04 13-54-41.png","/storage/emulated/0/MapIt/Pictures/h1/2092/2092_2017-11-04 13-54-41.png","2017-11-04-13-54-39","144.5955","0.6776"
2091,43.52190523762238,-79.7626506628767,153.943896484375,"WPT 2091","h1","0","vehiclesturningahead","wf","f","","s","78","1407","al","","","2017-11-04-13-53-05","2091","2091_2017-11-04 13-52-05.png","/storage/emulated/0/MapIt/Pictures/h1/2091/2091_2017-11-04 13-52-05.png","2017-11-04-13-52-04","153.9439","1.2582"
2090,43.52011028085053,-79.7601285704477,148.159716796875,"WPT 2090","h1","0","or","uv","","","n","37","1406","al","","","","2090","2090_2017-11-04 13-50-34.png","/storage/emulated/0/MapIt/Pictures/h1/2090/2090_2017-11-04 13-50-34.png","2017-11-04-13-50-33","148.1597","0.5032"
2089,43.51927062242976,-79.75903983426542,145.13896484375,"WPT 2089","h1","0","ol","uv","","","s","24","1405","al","","","","2089","2089_2017-11-04 13-49-27.png","/storage/emulated/0/MapIt/Pictures/h1/2089/2089_2017-11-04 13-49-27.png","2017-11-04-13-49-25","145.139","0.5063"
2088,43.517070632673494,-79.75616191351219,150.05791015625,"WPT 2088","h1","0","bothdirection stopforbus 2000fine","d6","ppf","","sss","58 73","1403 1404","al","","","","2088","2088_2017-11-04 13-47-04.png","/storage/emulated/0/MapIt/Pictures/h1/2088/2088_2017-11-04 13-47-04.png","2017-11-04-13-47-02","150.0579","0.58"
2087,43.516583111255386,-79.75568797406049,149.527392578125,"WPT 2087","h1","0","speeding keepsafe","d6","","","ss","51 70","1401 1402","al","","","","2087","2087_2017-11-04 13-44-40.png","/storage/emulated/0/MapIt/Pictures/h1/2087/2087_2017-11-04 13-44-40.png","2017-11-04-13-44-39","149.5274","0.4905"
2086,43.516557065726374,-79.75567511987538,149.36845703125,"WPT 2086","h1","0","ol gw","op","","","ss","28 61","1399 1400","al","","","","2086","2086_2017-11-04 13-43-18.png","/storage/emulated/0/MapIt/Pictures/h1/2086/2086_2017-11-04 13-43-18.png","2017-11-04-13-43-16","149.3685","0.4784"
2085,43.51604452990887,-79.75523717217766,150.694384765625,"WPT 2085","h1","0","s80","wv","f","","s","84","1398","al","","","2017-11-04-13-42-42","2085","2085_2017-11-04 13-41-53.png","/storage/emulated/0/MapIt/Pictures/h1/2085/2085_2017-11-04 13-41-53.png","2017-11-04-13-41-52","150.6944","0.4675"
2084,43.515882981257164,-79.7550883138847,150.886767578125,"WPT 2084","h1","0","hwy3","uv","","","s","93","1397","al","","","","2084","2084_2017-11-04 13-40-46.png","/storage/emulated/0/MapIt/Pictures/h1/2084/2084_2017-11-04 13-40-46.png","2017-11-04-13-40-45","150.8868","0.496"
2083,43.5146570020388,-79.75427428982584,153.514697265625,"WPT 2083","h1","0","or mr","2v","ff","","ss","24 60","1395 1396","al","","","","2083","2083_2017-11-04 13-38-03.png","/storage/emulated/0/MapIt/Pictures/h1/2083/2083_2017-11-04 13-38-03.png","2017-11-04-13-38-02","153.5147","0.4917"
2082,43.51508424981239,-79.75466281446097,152.452685546875,"WPT 2082","h1","0","or mr","sv","ll","","nn","25 61","1393 1394","al","","","2017-11-04-13-37-38","2082","2082_2017-11-04 13-36-20.png","/storage/emulated/0/MapIt/Pictures/h1/2082/2082_2017-11-04 13-36-20.png","2017-11-04-13-36-18","152.4527","0.4616"
2081,43.514898507759426,-79.75461777854252,153.249072265625,"WPT 2081","h1","0","s80 hwy3","uf","","","nn","64","1392","al","","","","2081","2081_2017-11-04 13-34-39.png","/storage/emulated/0/MapIt/Pictures/h1/2081/2081_2017-11-04 13-34-39.png","2017-11-04-13-34-37","153.2491","0.5487"
2080,43.51496214722829,-79.75467932277934,153.3376953125,"WPT 2080","h1","0","n","mv","","","n","","","al","","","","2080","2080_2017-11-04 13-34-19.png","/storage/emulated/0/MapIt/Pictures/h1/2080/2080_2017-11-04 13-34-19.png","2017-11-04-13-34-18","153.3377","0.5804"
2079,43.51514678576859,-79.75504807129983,151.5935546875,"WPT 2079","h1","0","notruck n","sv mv","","","ee","","","al","","","","2079","2079_2017-11-04 13-33-28.png","/storage/emulated/0/MapIt/Pictures/h1/2079/2079_2017-11-04 13-33-28.png","2017-11-04-13-33-26","151.5936","0.4599"
2078,43.51529425392164,-79.75497492078648,152.067431640625,"WPT 2078","h1","0","n n","2v","","","nw","","","al","","","","2078","2078_2017-11-04 13-33-00.png","/storage/emulated/0/MapIt/Pictures/h1/2078/2078_2017-11-04 13-33-00.png","2017-11-04-13-32-56","152.0674","0.4582"
2077,43.51588836500741,-79.75527158815021,150.370654296875,"WPT 2077","h1","0","or mr","2v","","","nn","24 60","1390 1391","al","","","","2077","2077_2017-11-04 13-31-19.png","/storage/emulated/0/MapIt/Pictures/h1/2077/2077_2017-11-04 13-31-19.png","2017-11-04-13-31-17","150.3707","0.4751"
2076,43.5154842129532,-79.75487867591619,152.190234375,"WPT 2076","h1","0","or mr","sv","ff","","ss","24 60","1388 1389","al","","","","2076","2076_2017-11-04 13-29-46.png","/storage/emulated/0/MapIt/Pictures/h1/2076/2076_2017-11-04 13-29-46.png","2017-11-04-13-29-44","152.1902","0.4934"
2075,43.515609731713994,-79.75487424789026,151.179248046875,"WPT 2075","h1","0","n","mv","","","s","","","al","","","","2075","2075_2017-11-04 13-29-21.png","/storage/emulated/0/MapIt/Pictures/h1/2075/2075_2017-11-04 13-29-21.png","2017-11-04-13-29-20","151.1792","0.4848"
2074,43.515497670735385,-79.75442612372535,151.1052734375,"WPT 2074","h1","0","begintab s60","wv","","","w","72 77","1386 1387","al","","","2017-11-04-13-27-50","2074","2074_2017-11-04 13-27-11.png","/storage/emulated/0/MapIt/Pictures/h1/2074/2074_2017-11-04 13-27-11.png","2017-11-04-13-27-09","151.1053","0.5296"
2073,43.515361733003374,-79.75453715070034,151.98564453125,"WPT 2073","h1","0","n","mv","","","w","","","al","","","","2073","2073_2017-11-04 13-26-41.png","/storage/emulated/0/MapIt/Pictures/h1/2073/2073_2017-11-04 13-26-41.png","2017-11-04-13-26-39","151.9856","0.5378"
2072,43.51520370660546,-79.75455386485919,152.274951171875,"WPT 2072","h1","0","n n","2v","","","nw","","","al","","","","2072","2072_2017-11-04 13-26-12.png","/storage/emulated/0/MapIt/Pictures/h1/2072/2072_2017-11-04 13-26-12.png","2017-11-04-13-26-11","152.275","0.5417"
2071,43.51320298177234,-79.75287523932639,155.43193359375,"WPT 2071","h1","0","roadname","d4v","","","s","82","1385","al","","","2017-11-05-23-13-26","2071","2071_2017-11-04 13-24-16.png","/storage/emulated/0/MapIt/Pictures/h1/2071/2071_2017-11-04 13-24-16.png","2017-11-04-13-24-14","155.4319","0.4849"
2070,43.51254909031286,-79.75233388944798,156.668994140625,"WPT 2070","h1","0","s80","wv","","","s","83","1384","al","","","","2070","2070_2017-11-04 13-22-38.png","/storage/emulated/0/MapIt/Pictures/h1/2070/2070_2017-11-04 13-22-38.png","2017-11-04-13-22-37","156.669","0.5099"
2069,43.51240865017007,-79.75219548127643,157.413134765625,"WPT 2069","h1","trafalgar","lightahead","wv","","","s","60","1383","al","","","2017-11-05-23-04-20","2069","2069_2017-11-04 13-21-20.png","/storage/emulated/0/MapIt/Pictures/h1/2069/2069_2017-11-04 13-21-20.png","2017-11-04-13-21-19","157.4131","0.5175"
2068,43.46421491394267,-79.6869571762345,75.496142578125,"WPT 2068","h1","0","or mr","sv","","","nn","24 60","1381 1382","al","","","","2068","2068_2017-11-04 12-45-19.png","/storage/emulated/0/MapIt/Pictures/h1/2068/2068_2017-11-04 12-45-19.png","2017-11-04-12-45-17","75.4961","0.4902"
2067,43.46414777508744,-79.68714281878783,75.994921875,"WPT 2067","h1","0","peddirection peddirection n","sv sv mv","","","ewn","","","al","","","","2067","2067_2017-11-04 12-44-07.png","/storage/emulated/0/MapIt/Pictures/h1/2067/2067_2017-11-04 12-44-07.png","2017-11-04-12-44-05","75.9949","0.5049"
2066,43.464137437903446,-79.68719881897778,75.904345703125,"WPT 2066","h1","0","leftturnsignal","lv","","","e","","","al","","","","2066","2066_2017-11-04 12-43-41.png","/storage/emulated/0/MapIt/Pictures/h1/2066/2066_2017-11-04 12-43-41.png","2017-11-04-12-43-40","75.9043","0.449"
2065,43.464122312863765,-79.68723990629042,75.947802734375,"WPT 2065","h1","0","olr","wv","","","w","24","1380","al","","","","2065","2065_2017-11-04 12-43-01.png","/storage/emulated/0/MapIt/Pictures/h1/2065/2065_2017-11-04 12-43-01.png","2017-11-04-12-42-58","75.9478","0.5373"
2064,43.464224527572696,-79.68729269873802,76.89873046875,"WPT 2064","h1","0","or mr","sv","","","ee","24 60","1378 1379","al","","","","2064","2064_2017-11-04 12-41-25.png","/storage/emulated/0/MapIt/Pictures/h1/2064/2064_2017-11-04 12-41-25.png","2017-11-04-12-41-23","76.8987","0.7245"
2063,43.46425057132183,-79.68748163962664,76.010791015625,"WPT 2063","h1","0","n","mv","","","e","","","al","","","","2063","2063_2017-11-04 12-40-50.png","/storage/emulated/0/MapIt/Pictures/h1/2063/2063_2017-11-04 12-40-50.png","2017-11-04-12-40-48","76.0108","0.6761"
2062,43.46436640131742,-79.68745421080348,75.76640625,"WPT 2062","h1","0","noparklr","lv","","","e","85","1377","al","","","","2062","2062_2017-11-04 12-39-49.png","/storage/emulated/0/MapIt/Pictures/h1/2062/2062_2017-11-04 12-39-49.png","2017-11-04-12-39-47","75.7664","0.5974"
2061,43.46450710684894,-79.68730159110964,76.55498046875,"WPT 2061","h1","0","or mr","sv","","","ss","22 59","1375 1376","al","","","","2061","2061_2017-11-04 12-37-48.png","/storage/emulated/0/MapIt/Pictures/h1/2061/2061_2017-11-04 12-37-48.png","2017-11-04-12-37-47","76.555","0.6106"
2060,43.46463646574921,-79.68720532843327,75.8962890625,"WPT 2060","h1","0","n","mv","","","s","","","al","","","","2060","2060_2017-11-04 12-37-13.png","/storage/emulated/0/MapIt/Pictures/h1/2060/2060_2017-11-04 12-37-13.png","2017-11-04-12-37-11","75.8963","0.5861"
2059,43.46460347380162,-79.68703987969457,76.060107421875,"WPT 2059","h1","0","turnleftblue qewblue","hv","","","ee","","","al","","","","2059","2059_2017-11-04 12-36-30.png","/storage/emulated/0/MapIt/Pictures/h1/2059/2059_2017-11-04 12-36-30.png","2017-11-04-12-36-28","76.0601","0.6356"
2058,43.464613296759126,-79.68677283487341,75.747119140625,"WPT 2058","h1","0","or mr turnl turnl straight turnr","mv","pg","","eeeee","24 61","1373 1374","al","","","2017-11-04-12-35-22","2058","2058_2017-11-04 12-33-53.png","/storage/emulated/0/MapIt/Pictures/h1/2058/2058_2017-11-04 12-33-53.png","2017-11-04-12-33-45","75.7471","0.5202"
2057,43.46445961442987,-79.6869302737905,76.403369140625,"WPT 2057","h1","0","or mr","sv ","","","ww","18 60","1371 1372","al","","","","2057","2057_2017-11-04 12-32-38.png","/storage/emulated/0/MapIt/Pictures/h1/2057/2057_2017-11-04 12-32-38.png","2017-11-04-12-32-36","76.4034","0.5015"
2056,43.464392998316725,-79.68687542951739,76.2859375,"WPT 2056","h1","0","peddirection peddirection n","sv sv mv","ppv","","sww","74","1370","al","","","","2056","2056_2017-11-04 12-31-25.png","/storage/emulated/0/MapIt/Pictures/h1/2056/2056_2017-11-04 12-31-25.png","2017-11-04-12-31-23","76.2859","0.5657"
2055,43.464312406831596,-79.68677932728679,75.209521484375,"WPT 2055","h1","trafalgar and Iroquois","olr","uv","p","","s","28","1369","al","","","2017-11-05-23-05-07","2055","2055_2017-11-04 12-30-03.png","/storage/emulated/0/MapIt/Pictures/h1/2055/2055_2017-11-04 12-30-03.png","2017-11-04-12-30-01","75.2095","0.6764"
2054,43.46368568455182,-79.68581932520647,75.545703125,"WPT 2054","h1","0","s60","lv","","","s","84","1368","al","","","","2054","2054_2017-11-04 12-27-57.png","/storage/emulated/0/MapIt/Pictures/h1/2054/2054_2017-11-04 12-27-57.png","2017-11-04-12-27-55","75.5457","0.5137"
2053,43.46338868093426,-79.68539922750642,75.167529296875,"WPT 2053","h1","0","cameratab camera hwy3","lv","","","sss","","","al","","","","2053","2053_2017-11-04 12-26-41.png","/storage/emulated/0/MapIt/Pictures/h1/2053/2053_2017-11-04 12-26-41.png","2017-11-04-12-26-39","75.1675","0.556"
2052,43.4633295266367,-79.68532276637052,76.701953125,"WPT 2052","h1","0","notruckroadname roadname","d6","vf","","ss","60 ","1367","w w","","","2017-11-04-12-26-29","2052","2052_2017-11-04 12-25-01.png","/storage/emulated/0/MapIt/Pictures/h1/2052/2052_2017-11-04 12-25-01.png","2017-11-04-12-24-58","76.702","0.5298"
2051,43.46267848693333,-79.68480982662004,77.87431640625,"WPT 2051","h1","0","or mr nolr noleftturn","sv ","","","sssn","18 60 ","1365 1366","al","","","","2051","2051_2017-11-04 12-22-21.png","/storage/emulated/0/MapIt/Pictures/h1/2051/2051_2017-11-04 12-22-21.png","2017-11-04-12-22-19","77.8743","0.6308"
2050,43.46276032789956,-79.68465473037577,78.238330078125,"WPT 2050","h1","0","pedinfo leftturnsignal nolr","sv sv mv","p","","sss","55","1364","al","","","2017-11-04-12-22-05","2050","2050_2017-11-04 12-20-44.png","/storage/emulated/0/MapIt/Pictures/h1/2050/2050_2017-11-04 12-20-44.png","2017-11-04-12-20-42","78.2383","0.5282"
2049,43.46275865316056,-79.68461743185435,79.0701171875,"WPT 2049","h1","0","wrongway","wv","","","w","","","al","","","","2049","2049_2017-11-04 12-20-19.png","/storage/emulated/0/MapIt/Pictures/h1/2049/2049_2017-11-04 12-20-19.png","2017-11-04-12-20-18","79.0701","0.5882"
2048,43.462859862941514,-79.68452189173877,78.903369140625,"WPT 2048","h1","0","olr","wv","f","","e","22","1363","al","","","2017-11-04-12-20-14","2048","2048_2017-11-04 12-19-30.png","/storage/emulated/0/MapIt/Pictures/h1/2048/2048_2017-11-04 12-19-30.png","2017-11-04-12-19-28","78.9034","0.5431"
2047,43.46282205685475,-79.68442207952648,78.922900390625,"WPT 2047","h1","0","wrongwaywords nolitter","wv","","","ns","51","1362","al","","","","2047","2047_2017-11-04 12-18-18.png","/storage/emulated/0/MapIt/Pictures/h1/2047/2047_2017-11-04 12-18-18.png","2017-11-04-12-18-16","78.9229","0.5191"
2046,43.4626762120306,-79.68451082039246,78.2361328125,"WPT 2046","h1","0","owr owl","wv","","huge huge","ns","87 87","1360 1361","al","","","","2046","2046_2017-11-04 12-16-36.png","/storage/emulated/0/MapIt/Pictures/h1/2046/2046_2017-11-04 12-16-36.png","2017-11-04-12-16-34","78.2361","0.5228"
2045,43.4626454770887,-79.68452542047271,78.501025390625,"WPT 2045","h1","0","wrongway","uv","","","w","","","al","","","","2045","2045_2017-11-04 12-16-11.png","/storage/emulated/0/MapIt/Pictures/h1/2045/2045_2017-11-04 12-16-11.png","2017-11-04-12-16-09","78.501","0.5645"
2044,43.46252342509979,-79.68443890691196,80.85087890625,"WPT 2044","h1","0","nortred nostraight","lv mv","","","ww","","","al","","","","2044","2044_2017-11-04 12-15-28.png","/storage/emulated/0/MapIt/Pictures/h1/2044/2044_2017-11-04 12-15-28.png","2017-11-04-12-15-26","80.8509","0.532"
2043,43.462417801550146,-79.68451959981212,78.780810546875,"WPT 2043","h1","0","or mr noleftturn","sv","","","nnn","24 60","1358 1359","al","","","","2043","2043_2017-11-04 12-14-15.png","/storage/emulated/0/MapIt/Pictures/h1/2043/2043_2017-11-04 12-14-15.png","2017-11-04-12-14-12","78.7808","0.7588"
2042,43.46246538449759,-79.6843300305718,79.022998046875,"WPT 2042","h1","0","roadname","d6v","p","","s","71","1357","al","","","2017-11-05-23-13-15","2042","2042_2017-11-04 12-12-11.png","/storage/emulated/0/MapIt/Pictures/h1/2042/2042_2017-11-04 12-12-11.png","2017-11-04-12-12-10","79.023","0.6038"
2041,43.46240073229728,-79.68416541405895,77.691455078125,"WPT 2041","h1","0","ol orangeblack wrongway orangeblack","ov","f","","ssss","13 35 30 35","1353 1354 1355 1356","al","","","2017-11-05-23-15-48","2041","2041_2017-11-04 12-09-36.png","/storage/emulated/0/MapIt/Pictures/h1/2041/2041_2017-11-04 12-09-36.png","2017-11-04-12-09-34","77.6915","0.5938"
2040,43.462370011927305,-79.68424854218938,78.112841796875,"WPT 2040","h1","0","or","wv","l","","s","24","1352","al","","","","2040","2040_2017-11-04 12-08-50.png","/storage/emulated/0/MapIt/Pictures/h1/2040/2040_2017-11-04 12-08-50.png","2017-11-04-12-08-48","78.1128","0.8001"
2039,43.46223328512042,-79.68413299775602,79.67265625,"WPT 2039","h1","0","olr","wv","g","","n","24","1351","al","","","2017-11-05-23-12-59","2039","2039_2017-11-04 12-07-59.png","/storage/emulated/0/MapIt/Pictures/h1/2039/2039_2017-11-04 12-07-59.png","2017-11-04-12-07-57","79.6727","0.7723"
2038,43.45925313596672,-79.68235001125686,67.903857421875,"WPT 2038","h1","0","or mr nou","wv","","","ssn","44 81 88","1348 1349 1350","al","","","","2038","2038_2017-11-04 12-04-08.png","/storage/emulated/0/MapIt/Pictures/h1/2038/2038_2017-11-04 12-04-08.png","2017-11-04-12-04-05","67.9039","0.6981"
2037,43.45940688432984,-79.68244867464455,69.313525390625,"WPT 2037","h1","0","owr","wv","","","","","","w","","","","2037","2037_2017-11-04 12-03-15.png","/storage/emulated/0/MapIt/Pictures/h1/2037/2037_2017-11-04 12-03-15.png","2017-11-04-12-03-13","69.3135","0.6412"
2036,43.459896170495995,-79.68277073141871,70.772509765625,"WPT 2036","h1","0","or mr norightturn noleftturn","sv","","","nnns","6 44 82 82","1344 1345 1346 1347","al","","","","2036","2036_2017-11-04 12-00-28.png","/storage/emulated/0/MapIt/Pictures/h1/2036/2036_2017-11-04 12-00-28.png","2017-11-04-12-00-25","70.7725","0.8865"
2035,43.46019661051014,-79.6829355568334,73.35966796875,"WPT 2035","h1","0","or mr noleftturn","sv","","48x12 48x24","sss","24 60","1342 1343","al","","","2017-11-04-11-59-13","2035","2035_2017-11-04 11-58-09.png","/storage/emulated/0/MapIt/Pictures/h1/2035/2035_2017-11-04 11-58-09.png","2017-11-04-11-58-07","73.3597","0.7288"
2034,43.46016334657452,-79.6827434950028,73.10478515625,"WPT 2034","h1","0","noleftturn","mv","","","s","","","al","","","","2034","2034_2017-11-04 11-57-24.png","/storage/emulated/0/MapIt/Pictures/h1/2034/2034_2017-11-04 11-57-24.png","2017-11-04-11-57-22","73.1048","0.6514"
2033,43.45984114284056,-79.68250740134317,69.6912109375,"WPT 2033","h1","0","roadsign","d6v","f","","s","75","1341","w","","","2017-11-05-23-12-44","2033","2033_2017-11-04 11-55-29.png","/storage/emulated/0/MapIt/Pictures/h1/2033/2033_2017-11-04 11-55-29.png","2017-11-04-11-55-27","69.6912","0.7331"
2032,43.45976458402856,-79.68242849846501,69.996142578125,"WPT 2032","h1","0","or","wv","","","s","0","1340","al","","","","2032","2032_2017-11-04 11-54-39.png","/storage/emulated/0/MapIt/Pictures/h1/2032/2032_2017-11-04 11-54-39.png","2017-11-04-11-54-37","69.9961","0.6028"
2031,43.45979726385758,-79.68235377929523,69.502490234375,"WPT 2031","h1","0","ol orangeblack wrongway orangeblack","ov","","","ssss","18 30 35 30","1336 1337 1338 1339","al","","","2017-11-05-23-01-55","2031","2031_2017-11-04 11-52-01.png","/storage/emulated/0/MapIt/Pictures/h1/2031/2031_2017-11-04 11-52-01.png","2017-11-04-11-51-56","69.5025","0.6124"
2030,43.45976602491555,-79.68234265734463,69.34697265625,"WPT 2030","h1","0","nobike","uv","","","s","82","1335","al","","","","2030","2030_2017-11-04 11-50-56.png","/storage/emulated/0/MapIt/Pictures/h1/2030/2030_2017-11-04 11-50-56.png","2017-11-04-11-50-54","69.347","0.7283"
2029,43.45957978050319,-79.68235864944654,69.37626953125,"WPT 2029","h1","0","olr","uv","p","","s","38","1334","al","","","2017-11-04-11-50-29","2029","2029_2017-11-04 11-49-57.png","/storage/emulated/0/MapIt/Pictures/h1/2029/2029_2017-11-04 11-49-57.png","2017-11-04-11-49-55","69.3763","0.6417"
2028,43.458959169193804,-79.68198745200789,66.2888671875,"WPT 2028","h1","0","nostoplr","lv","f","20","s","73","1333","al","","","2017-11-04-11-48-37","2028","2028_2017-11-04 11-47-58.png","/storage/emulated/0/MapIt/Pictures/h1/2028/2028_2017-11-04 11-47-58.png","2017-11-04-11-47-56","66.2889","0.645"
2027,43.45882518446069,-79.68190577509995,65.46416015625,"WPT 2027","h1","0","r","d6v","","","s","74","1332","al","","","2017-11-05-23-11-26","2027","2027_2017-11-04 11-46-37.png","/storage/emulated/0/MapIt/Pictures/h1/2027/2027_2017-11-04 11-46-37.png","2017-11-04-11-46-35","65.4642","0.5242"
2026,43.458490757312575,-79.6817596689616,64.114794921875,"WPT 2026","h1","0","nostoplr begintab s60","lv","","","sss","63 83","1330 1331","al","","","","2026","2026_2017-11-04 11-44-07.png","/storage/emulated/0/MapIt/Pictures/h1/2026/2026_2017-11-04 11-44-07.png","2017-11-04-11-44-05","64.1148","0.6274"
2025,43.45809033961086,-79.68155842975102,62.276904296875,"WPT 2025","h1","0","nostoplr lightahead","lv","","20","ss","","","al","","","","2025","2025_2017-11-04 11-42-39.png","/storage/emulated/0/MapIt/Pictures/h1/2025/2025_2017-11-04 11-42-39.png","2017-11-04-11-42-36","62.2769","0.602"
2024,43.4571073753923,-79.68131000470021,62.883837890625,"WPT 2024","h1","0","or mr","sv","","","nn","24 60","1328 1329","al","","","","2024","2024_2017-11-04 11-39-28.png","/storage/emulated/0/MapIt/Pictures/h1/2024/2024_2017-11-04 11-39-28.png","2017-11-04-11-39-26","62.8838","0.5192"
2023,43.457057493079446,-79.68153074760266,62.640673828125,"WPT 2023","h1","0","n","mv","","","n","","","al","","","","2023","2023_2017-11-04 11-38-58.png","/storage/emulated/0/MapIt/Pictures/h1/2023/2023_2017-11-04 11-38-58.png","2017-11-04-11-38-56","62.6407","1.0691"
2022,43.45720138733304,-79.68161781010167,63.413134765625,"WPT 2022","h1","0","or mr noblock","sv","pg","","wwe","24 60","1326 1327","al","","","2017-11-04-11-38-42","2022","2022_2017-11-04 11-37-25.png","/storage/emulated/0/MapIt/Pictures/h1/2022/2022_2017-11-04 11-37-25.png","2017-11-04-11-37-22","63.4131","0.721"
2021,43.45730503676077,-79.68161834688544,62.371875,"WPT 2021","h1","0","peddirection peddirection n leftturnsignal","sv sv mv mv","ff","","ewws","","","al","","","","2021","2021_2017-11-04 11-36-31.png","/storage/emulated/0/MapIt/Pictures/h1/2021/2021_2017-11-04 11-36-31.png","2017-11-04-11-36-29","62.3719","0.6673"
2020,43.45754389105423,-79.68168544010769,63.36455078125,"WPT 2020","h1","0","nostoplr","lv","f","20","n","","","al","","","2017-11-05-23-10-02","2020","2020_2017-11-04 11-35-54.png","/storage/emulated/0/MapIt/Pictures/h1/2020/2020_2017-11-04 11-35-54.png","2017-11-04-11-35-52","63.3646","0.5195"
2019,43.45769764816214,-79.6818024659824,65.1150390625,"WPT 2019","h1","0","s","uv","","","w","68","1325","al","","","","2019","2019_2017-11-04 11-34-54.png","/storage/emulated/0/MapIt/Pictures/h1/2019/2019_2017-11-04 11-34-54.png","2017-11-04-11-34-53","65.115","0.6731"
2018,43.45771704808794,-79.68185333067777,64.60966796875,"WPT 2018","h1","0","noleftturn","uv","","","w","58","1324","al","","","","2018","2018_2017-11-04 11-34-04.png","/storage/emulated/0/MapIt/Pictures/h1/2018/2018_2017-11-04 11-34-04.png","2017-11-04-11-34-02","64.6097","1.2569"
2017,43.45774525952493,-79.68186530206367,64.228076171875,"WPT 2017","h1","0","or mr","uv","","","ww","24 60","1322 1323","al","","","2017-11-04-11-33-28","2017","2017_2017-11-04 11-33-01.png","/storage/emulated/0/MapIt/Pictures/h1/2017/2017_2017-11-04 11-33-01.png","2017-11-04-11-32-59","64.2281","0.8692"
2016,43.45778763609451,-79.68179548777698,64.196337890625,"WPT 2016","h1","0","or mr","uv","","","ee","24 64","1320 1321","al","","","","2016","2016_2017-11-04 11-32-00.png","/storage/emulated/0/MapIt/Pictures/h1/2016/2016_2017-11-04 11-32-00.png","2017-11-04-11-31-58","64.1963","0.5668"
2015,43.457950619006624,-79.68187709639278,64.40849609375,"WPT 2015","h1","0","bsusinesswatch nostoplr","lv","pl","","nn","","","al","","","","2015","2015_2017-11-04 11-31-22.png","/storage/emulated/0/MapIt/Pictures/h1/2015/2015_2017-11-04 11-31-22.png","2017-11-04-11-31-21","64.4085","0.5867"
2014,43.45807069846887,-79.68174518182241,65.162158203125,"WPT 2014","h1","0","or mr nou","uv","flp","","nns","24 60 63","1317 1318 1319","al","","","","2014","2014_2017-11-04 11-29-38.png","/storage/emulated/0/MapIt/Pictures/h1/2014/2014_2017-11-04 11-29-38.png","2017-11-04-11-29-37","65.1622","0.6193"
2013,43.45800892076659,-79.68173125743124,64.39140625,"WPT 2013","h1","0","owr ","uv","","","w","63","1316","al","","","","2013","2013_2017-11-04 11-28-59.png","/storage/emulated/0/MapIt/Pictures/h1/2013/2013_2017-11-04 11-28-59.png","2017-11-04-11-28-56","64.3914","0.5156"
2012,43.45777668157007,-79.68158270502681,62.366015625,"WPT 2012","h1","0","owr","uv","","","w","63","1315","al","","","","2012","2012_2017-11-04 11-27-53.png","/storage/emulated/0/MapIt/Pictures/h1/2012/2012_2017-11-04 11-27-53.png","2017-11-04-11-27-51","62.366","0.5523"
2011,43.45740466248208,-79.68137744347405,62.196337890625,"WPT 2011","h1","0","or mr n","sv sv mv","g","","sss","24 60","1313 1314","al","","","","2011","2011_2017-11-04 11-26-24.png","/storage/emulated/0/MapIt/Pictures/h1/2011/2011_2017-11-04 11-26-24.png","2017-11-04-11-26-22","62.1963","0.5833"
2010,43.457506646825095,-79.68125511744984,62.89775390625,"WPT 2010","h1","0","nostoplr","lv","f","20","w","","","al","","","","2010","2010_2017-11-04 11-25-22.png","/storage/emulated/0/MapIt/Pictures/h1/2010/2010_2017-11-04 11-25-22.png","2017-11-04-11-25-21","62.8978","0.6205"
2009,43.457416113897125,-79.68112163243677,62.46513671875,"WPT 2009","h1","0","peddirection peddirection n leftturnsignal","sv sv mv mv","ff","","ewnw","","","al","","","","2009","2009_2017-11-04 11-24-05.png","/storage/emulated/0/MapIt/Pictures/h1/2009/2009_2017-11-04 11-24-05.png","2017-11-04-11-24-03","62.4651","0.5523"
2008,43.45734318412724,-79.68091378505414,63.046435546875,"WPT 2008","h1","0","or mr","uv","","","ee","24 60","","al","","","","2008","2008_2017-11-04 11-23-04.png","/storage/emulated/0/MapIt/Pictures/h1/2008/2008_2017-11-04 11-23-04.png","2017-11-04-11-23-02","63.0464","0.5009"
2007,43.45728503283408,-79.68106424860343,62.147998046875,"WPT 2007","h1","0","or mr n","sv sv mv","","","www","24 60","","al","","","","2007","2007_2017-11-04 11-22-01.png","/storage/emulated/0/MapIt/Pictures/h1/2007/2007_2017-11-04 11-22-01.png","2017-11-04-11-21-59","62.148","0.6775"
2006,43.45717699125362,-79.68107667430377,62.002978515625,"WPT 2006","h1","trafalgar and cross","n","mv","","","w","","","al","","","","2006","2006_2017-11-04 11-21-23.png","/storage/emulated/0/MapIt/Pictures/h1/2006/2006_2017-11-04 11-21-23.png","2017-11-04-11-21-22","62.003","0.5493"
2005,43.455602976860064,-79.68040149358421,60.434130859375,"WPT 2005","h1","0","norightturn","uv","","","s","","","al","","","","2005","2005_2017-11-04 11-19-02.png","/storage/emulated/0/MapIt/Pictures/h1/2005/2005_2017-11-04 11-19-02.png","2017-11-04-11-19-00","60.4341","0.5344"
2004,43.45551483953113,-79.68034064947824,61.711962890625,"WPT 2004","h1","trafalgar","s50","lv","","","s","80","1308","al","","","","2004","2004_2017-11-04 11-18-10.png","/storage/emulated/0/MapIt/Pictures/h1/2004/2004_2017-11-04 11-18-10.png","2017-11-04-11-18-08","61.712","0.572"
2003,43.454668685940305,-79.68020863010861,61.62724609375,"WPT 2003","h1","0","or mr notruck leftturnsignal","sv sv sv mv","f","","nnnn","24 60","1306 1307","al","","","2017-11-04-11-16-13","2003","2003_2017-11-04 11-14-37.png","/storage/emulated/0/MapIt/Pictures/h1/2003/2003_2017-11-04 11-14-37.png","2017-11-04-11-14-35","61.6272","0.5683"
2002,43.45465043279546,-79.68038085344597,62.015673828125,"WPT 2002","h1","0","pushtocross n noleftturn","sv mv mv","","","een","36","1305","al","","","","2002","2002_2017-11-04 11-13-27.png","/storage/emulated/0/MapIt/Pictures/h1/2002/2002_2017-11-04 11-13-27.png","2017-11-04-11-13-25","62.0157","0.5251"
2001,43.454622701869084,-79.68042119722486,60.552783203125,"WPT 2001","h1","0","olr","uv","","","w","27","1304","al","","","","2001","2001_2017-11-04 11-12-40.png","/storage/emulated/0/MapIt/Pictures/h1/2001/2001_2017-11-04 11-12-40.png","2017-11-04-11-12-38","60.5528","0.7944"
2000,43.45458880417027,-79.6807606204693,62.12724609375,"WPT 2000","h1","0","or or turnl turnl","sv sv mv mv","","","ewww","24 24","1302 1303","al","","","","2000","2000_2017-11-04 11-10-37.png","/storage/emulated/0/MapIt/Pictures/h1/2000/2000_2017-11-04 11-10-37.png","2017-11-04-11-10-34","62.1272","0.5488"
1999,43.45477428482809,-79.6804978258424,61.8025390625,"WPT 1999","h1","0","or mr donotblock leftturnsignal","sv sv sv mv","g g","","eewe","24 60 ","1300 1301","al","","","2017-11-04-11-10-09","1999","1999_2017-11-04 11-08-01.png","/storage/emulated/0/MapIt/Pictures/h1/1999/1999_2017-11-04 11-08-01.png","2017-11-04-11-07-59","61.8025","0.6701"
1998,43.454929414398066,-79.68051180055227,60.799609375,"WPT 1998","h1","0","pushtocross pedinfo n leftturnsignal","sv sv mv mv","vpvv","","nnes","35 48","1298 1299","al","","","","1998","1998_2017-11-04 11-05-53.png","/storage/emulated/0/MapIt/Pictures/h1/1998/1998_2017-11-04 11-05-53.png","2017-11-04-11-05-52","60.7996","0.5781"
1997,43.45506776370257,-79.68052951658683,61.6189453125,"WPT 1997","h1","0","stophere","uv","","","n","81","1297","al","","","2017-11-04-11-05-14","1997","1997_2017-11-04 11-04-53.png","/storage/emulated/0/MapIt/Pictures/h1/1997/1997_2017-11-04 11-04-53.png","2017-11-04-11-04-51","61.6189","0.6196"
1996,43.4552773129908,-79.68064499176035,60.92705078125,"WPT 1996","h1","0","turnr n","lv","","","nn","","","al","","","","1996","1996_2017-11-04 11-03-56.png","/storage/emulated/0/MapIt/Pictures/h1/1996/1996_2017-11-04 11-03-56.png","2017-11-04-11-03-54","60.9271","0.5728"
1995,43.455621122827324,-79.68057818963644,61.31376953125,"WPT 1995","h1","0","owr owr noleftturn","uv","","","ewe","73 82","1295 1295 1296","al","","","","1995","1995_2017-11-04 11-01-33.png","/storage/emulated/0/MapIt/Pictures/h1/1995/1995_2017-11-04 11-01-33.png","2017-11-04-11-01-31","61.3138","0.4966"
1994,43.45532180280952,-79.68045535747842,63.2,"WPT 1994","h1","0","turnl turnl roadname","mv","","","nn","","","al","","","2017-11-04-11-04-31","1994","1994_2017-11-04 11-01-01.png","/storage/emulated/0/MapIt/Pictures/h1/1994/1994_2017-11-04 11-01-01.png","2017-11-04-11-00-59","63.2","0.5646"
1993,43.455101266144084,-79.68031858878385,62.179736328125,"WPT 1993","h1","0","or mr n","sv sv mv","fg","","sss","24 60","1292 1293","al","","","","1993","1993_2017-11-04 10-59-21.png","/storage/emulated/0/MapIt/Pictures/h1/1993/1993_2017-11-04 10-59-21.png","2017-11-04-10-59-19","62.1797","0.5607"
1992,43.45512111736116,-79.68017482732648,62.45439453125,"WPT 1992","h1","0","pushtocross pedinfo n leftturnsignal","sv sv mv mv","","","wwsw","34 47","1290 1291","al","","","","1992","1992_2017-11-04 10-56-42.png","/storage/emulated/0/MapIt/Pictures/h1/1992/1992_2017-11-04 10-56-42.png","2017-11-04-10-56-35","62.4544","0.481"
1991,43.455030837490995,-79.68002302910281,61.894580078125,"WPT 1991","h1","0","or mr leftturnsignal","sv","","","www","23 60","1288 1289","al","","","","1991","1991_2017-11-04 10-53-56.png","/storage/emulated/0/MapIt/Pictures/h1/1991/1991_2017-11-04 10-53-56.png","2017-11-04-10-53-54","61.8946","0.5393"
1990,43.454837867488095,-79.68003678766763,61.9509765625,"WPT 1990","h1","trafalgar and Cornwall","pushtocross pushtocross n leftturnsignal","sv sv mv mv mv","","","swwn","36 36","1286 1287","al","","","","1990","1990_2017-11-04 10-51-23.png","/storage/emulated/0/MapIt/Pictures/h1/1990/1990_2017-11-04 10-51-23.png","2017-11-04-10-51-20","61.951","0.72"